director_name,actor_1_name,actor_2_name,actor_3_name,genres,movie_title,comb
Joachim Rønning Espen Sandberg,Johnny Depp,Javier Bardem,Geoffrey Rush,Adventure Action Fantasy Comedy,pirates of the caribbean: dead men tell no tales,Johnny Depp Javier Bardem Geoffrey Rush Joachim Rønning Espen Sandberg Adventure Action Fantasy Comedy
Zack Snyder,Ben Affleck,Henry Cavill,Gal Gadot,Action Adventure Fantasy Science Fiction,justice league,Ben Affleck Henry Cavill Gal Gadot Zack Snyder Action Adventure Fantasy Science Fiction
Taika Waititi,Chris Hemsworth,Tom Hiddleston,Cate Blanchett,Action Adventure Fantasy Science Fiction,thor: ragnarok,Chris Hemsworth Tom Hiddleston Cate Blanchett Taika Waititi Action Adventure Fantasy Science Fiction
James Gunn,Chris Pratt,Zoe Saldana,Dave Bautista,Action Adventure Comedy Science Fiction,guardians of the galaxy vol. 2,Chris Pratt Zoe Saldana Dave Bautista James Gunn Action Adventure Comedy Science Fiction
Sean McNamara,Pierce Brosnan,William Hurt,Benjamin Walker,Fantasy Action Adventure,the king's daughter,Pierce Brosnan William Hurt Benjamin Walker Sean McNamara Fantasy Action Adventure
Adam Spinks,Ben Loyd-Holmes,Sarah Mac,Neil Newbon,Thriller Adventure,extinction: nature has evolved,Ben Loyd-Holmes Sarah Mac Neil Newbon Adam Spinks Thriller Adventure
Rucha Humnabadkar,Ali Fazal,Melanie Chandra,Omi Vaidya,Drama Comedy,for here or to go?,Ali Fazal Melanie Chandra Omi Vaidya Rucha Humnabadkar Drama Comedy
Sarik Andreasyan,Anton Pampushnyy,Sanzhar Madiyev,Sebastien Sisak,Action Fantasy Science Fiction,guardians,Anton Pampushnyy Sanzhar Madiyev Sebastien Sisak Sarik Andreasyan Action Fantasy Science Fiction
Peter Hutchings,Victoria Justice,Eden Sher,Ashley Rickards,Comedy,the outcasts,Victoria Justice Eden Sher Ashley Rickards Peter Hutchings Comedy
Patty Jenkins,Gal Gadot,Chris Pine,Robin Wright,Action Adventure Fantasy,wonder woman,Gal Gadot Chris Pine Robin Wright Patty Jenkins Action Adventure Fantasy
Kevin Munroe,Chris Murphy,Ian James Corlett,Matt Olsen,Animation Adventure Comedy Action Family,sly cooper,Chris Murphy Ian James Corlett Matt Olsen Kevin Munroe Animation Adventure Comedy Action Family
James Ponsoldt,Emma Watson,Tom Hanks,John Boyega,Drama Thriller Science Fiction,the circle,Emma Watson Tom Hanks John Boyega James Ponsoldt Drama Thriller Science Fiction
Trish Sie,Anna Kendrick,Rebel Wilson,Brittany Snow,Comedy,pitch perfect 3,Anna Kendrick Rebel Wilson Brittany Snow Trish Sie Comedy
Sean Byrne,Ethan Embry,Shiri Appleby,Kiara Glasco,Horror,the devil's candy,Ethan Embry Shiri Appleby Kiara Glasco Sean Byrne Horror
Roberto Doveris,Violeta Castillo,Ingrid Isensee,Mauricio Vaca,Drama,las plantas,Violeta Castillo Ingrid Isensee Mauricio Vaca Roberto Doveris Drama
Lloyd Kaufman,Asta Paredes,Catherine Corcoran,Zac Amino,Comedy Horror,"return to return to nuke 'em high, aka volume 2",Asta Paredes Catherine Corcoran Zac Amino Lloyd Kaufman Comedy Horror
David Jackson,Amanda Leighton,Samantha Boscarino,Hannah Kasulka,TV Movie Thriller,the cheerleader murders,Amanda Leighton Samantha Boscarino Hannah Kasulka David Jackson TV Movie Thriller
Demetri Martin,Demetri Martin,Gillian Jacobs,Christine Woods,Comedy,dean,Demetri Martin Gillian Jacobs Christine Woods Demetri Martin Comedy
Alexandre Bustillo Julien Maury,Stephen Dorff,Lili Taylor,Sam Strike,Horror,leatherface,Stephen Dorff Lili Taylor Sam Strike Alexandre Bustillo Julien Maury Horror
Johannes Roberts,Claire Holt,Mandy Moore,Chris Johnson,Drama Thriller Horror Adventure,47 meters down,Claire Holt Mandy Moore Chris Johnson Johannes Roberts Drama Thriller Horror Adventure
Gabe Klinger,Lucie Lucas,Anton Yelchin,Paulo Calatré,Romance Drama,porto,Lucie Lucas Anton Yelchin Paulo Calatré Gabe Klinger Romance Drama
Aaron Leong,Sean O'Donnell,Alexandria DeBerry,Gary Busey,Comedy Drama Family Fantasy Romance Science Fiction,mamaboy,Sean O'Donnell Alexandria DeBerry Gary Busey Aaron Leong Comedy Drama Family Fantasy Romance Science Fiction
Terry George,Oscar Isaac,Charlotte Le Bon,Christian Bale,History Romance Drama,the promise,Oscar Isaac Charlotte Le Bon Christian Bale Terry George History Romance Drama
Benny Boom,Demetrius Shipp Jr.,Danai Gurira,Kat Graham,Drama Music,all eyez on me,Demetrius Shipp Jr. Danai Gurira Kat Graham Benny Boom Drama Music
Nacho Vigalondo,Anne Hathaway,Jason Sudeikis,Tim Blake Nelson,Action Comedy Drama Fantasy Science Fiction,colossal,Anne Hathaway Jason Sudeikis Tim Blake Nelson Nacho Vigalondo Action Comedy Drama Fantasy Science Fiction
Derrick Borte,Jonathan Rhys Meyers,Daniel Huttlestone,Dougray Scott,Drama Music,london town,Jonathan Rhys Meyers Daniel Huttlestone Dougray Scott Derrick Borte Drama Music
Martin Koolhoven,Guy Pearce,Dakota Fanning,Carice van Houten,Mystery Thriller Western,brimstone,Guy Pearce Dakota Fanning Carice van Houten Martin Koolhoven Mystery Thriller Western
Alex Helfrecht Jörg Tittel,Agyness Deyn,Jonathan Pryce,Fiona Shaw,Drama Science Fiction,the white king,Agyness Deyn Jonathan Pryce Fiona Shaw Alex Helfrecht Jörg Tittel Drama Science Fiction
Laura Poitras,Julian Assange,Sarah Harrison,Jacob Appelbaum,Documentary,risk,Julian Assange Sarah Harrison Jacob Appelbaum Laura Poitras Documentary
Eddie O'Keefe,Emily Browning,Luke Grimes,Ron Livingston,Romance Drama Crime,shangri-la suite,Emily Browning Luke Grimes Ron Livingston Eddie O'Keefe Romance Drama Crime
Ralitza Petrova,Irena Ivanova,Ivan Nalbantov,Ventzislav Konstantinov,Drama,godless,Irena Ivanova Ivan Nalbantov Ventzislav Konstantinov Ralitza Petrova Drama
Peter Chelsom,Asa Butterfield,Britt Robertson,Carla Gugino,Romance Adventure Science Fiction Drama,the space between us,Asa Butterfield Britt Robertson Carla Gugino Peter Chelsom Romance Adventure Science Fiction Drama
Raoul Peck,Samuel L. Jackson,James Baldwin,Malcolm X,Documentary,i am not your negro,Samuel L. Jackson James Baldwin Malcolm X Raoul Peck Documentary
Lasse Hallström,Dennis Quaid,Britt Robertson,Josh Gad,Comedy Drama Family Fantasy,a dog's purpose,Dennis Quaid Britt Robertson Josh Gad Lasse Hallström Comedy Drama Family Fantasy
Julian Rosefeldt,Cate Blanchett,Erika Bauer,Ruby Bustamante,Drama,manifesto,Cate Blanchett Erika Bauer Ruby Bustamante Julian Rosefeldt Drama
Jeff Baena,Alison Brie,Dave Franco,Aubrey Plaza,Comedy,the little hours,Alison Brie Dave Franco Aubrey Plaza Jeff Baena Comedy
Richie Keen,Charlie Day,Ice Cube,Tracy Morgan,Comedy,fist fight,Charlie Day Ice Cube Tracy Morgan Richie Keen Comedy
Baran bo Odar,Jamie Foxx,Michelle Monaghan,Dermot Mulroney,Action Crime Thriller,sleepless,Jamie Foxx Michelle Monaghan Dermot Mulroney Baran bo Odar Action Crime Thriller
Gore Verbinski,Dane DeHaan,Jason Isaacs,Mia Goth,Mystery Thriller Horror Science Fiction,a cure for wellness,Dane DeHaan Jason Isaacs Mia Goth Gore Verbinski Mystery Thriller Horror Science Fiction
Charlotte Sieling,Jakob Oftebro,Ane Dahl Torp,Søren Malling,Drama Comedy,the man,Jakob Oftebro Ane Dahl Torp Søren Malling Charlotte Sieling Drama Comedy
D.J. Caruso,Vin Diesel,Ice Cube,Samuel L. Jackson,Action Adventure Crime,xxx: return of xander cage,Vin Diesel Ice Cube Samuel L. Jackson D.J. Caruso Action Adventure Crime
Stacy Title,Douglas Smith,Lucien Laviscount,Cressida Bonas,Horror Thriller,the bye bye man,Douglas Smith Lucien Laviscount Cressida Bonas Stacy Title Horror Thriller
Alice Lowe,Alice Lowe,Jo Hartley,Kate Dickie,Horror Comedy Drama Thriller Fantasy,prevenge,Alice Lowe Jo Hartley Kate Dickie Alice Lowe Horror Comedy Drama Thriller Fantasy
Chris McKay,Will Arnett,Zach Galifianakis,Michael Cera,Action Animation Comedy Family Fantasy,the lego batman movie,Will Arnett Zach Galifianakis Michael Cera Chris McKay Action Animation Comedy Family Fantasy
Stephan Streker,Lina El Arabi,Sébastien Houbani,Babak Karimi,Drama,a wedding,Lina El Arabi Sébastien Houbani Babak Karimi Stephan Streker Drama
Stanley Tong,Jackie Chan,Disha Patani,Sonu Sood,Mystery Action Adventure Comedy,kung fu yoga,Jackie Chan Disha Patani Sonu Sood Stanley Tong Mystery Action Adventure Comedy
Vishal Bhardwaj,Saif Ali Khan,Shahid Kapoor,Kangana Ranaut,War History Drama Romance,rangoon,Saif Ali Khan Shahid Kapoor Kangana Ranaut Vishal Bhardwaj War History Drama Romance
G.J. Echternkamp,Manu Bennett,Malcolm McDowell,Marci Miller,Action Comedy Science Fiction,death race 2050,Manu Bennett Malcolm McDowell Marci Miller G.J. Echternkamp Action Comedy Science Fiction
Adam Smith,Michael Fassbender,Brendan Gleeson,Lyndsey Marshal,Action Drama Crime Thriller,trespass against us,Michael Fassbender Brendan Gleeson Lyndsey Marshal Adam Smith Action Drama Crime Thriller
Lisa Robinson Annie J. Howell,Betsy Brandt,Chris Beetem,Zev Haworth,Drama,claire in motion,Betsy Brandt Chris Beetem Zev Haworth Lisa Robinson Annie J. Howell Drama
Emily Hagins,Alex Saxon,Alexis G. Zall,Sasha Pieterse,Family Crime,coin heist,Alex Saxon Alexis G. Zall Sasha Pieterse Emily Hagins Family Crime
F. Javier Gutiérrez,Matilda Anna Ingrid Lutz,Alex Roe,Johnny Galecki,Horror,rings,Matilda Anna Ingrid Lutz Alex Roe Johnny Galecki F. Javier Gutiérrez Horror
Alistair Legrand,Vinessa Shaw,Kevin Rahm,Aaron Stanford,Thriller,clinical,Vinessa Shaw Kevin Rahm Aaron Stanford Alistair Legrand Thriller
Bruno Garotti,Michel Joelsas,Alessandra Negrini,Marcello Airoldi,Comedy,eu fico loko,Michel Joelsas Alessandra Negrini Marcello Airoldi Bruno Garotti Comedy
Aram Rappaport,Frank Grillo,Minnie Driver,AnnaSophia Robb,Crime Thriller,the crash,Frank Grillo Minnie Driver AnnaSophia Robb Aram Rappaport Crime Thriller
Tatsuya Oishi Akiyuki Shinbo,Hiroshi Kamiya,Yui Horie,Maaya Sakamoto,Animation Fantasy Mystery,kizumonogatari part 3: reiketsu,Hiroshi Kamiya Yui Horie Maaya Sakamoto Tatsuya Oishi Akiyuki Shinbo Animation Fantasy Mystery
Chad Stahelski,Keanu Reeves,Common,Laurence Fishburne,Thriller Action Crime,john wick: chapter 2,Keanu Reeves Common Laurence Fishburne Chad Stahelski Thriller Action Crime
Jordan Peele,Daniel Kaluuya,Allison Williams,Bradley Whitford,Mystery Thriller Horror,get out,Daniel Kaluuya Allison Williams Bradley Whitford Jordan Peele Mystery Thriller Horror
James Mangold,Hugh Jackman,Patrick Stewart,Dafne Keen,Action Drama Science Fiction,logan,Hugh Jackman Patrick Stewart Dafne Keen James Mangold Action Drama Science Fiction
Jordan Vogt-Roberts,Tom Hiddleston,Samuel L. Jackson,Brie Larson,Action Adventure Fantasy,kong: skull island,Tom Hiddleston Samuel L. Jackson Brie Larson Jordan Vogt-Roberts Action Adventure Fantasy
Pete Travis,Riz Ahmed,Billie Piper,James Floyd,Crime Drama Thriller,city of tiny lights,Riz Ahmed Billie Piper James Floyd Pete Travis Crime Drama Thriller
Danny Boyle,Ewan McGregor,Jonny Lee Miller,Ewen Bremner,Crime Drama,t2 trainspotting,Ewan McGregor Jonny Lee Miller Ewen Bremner Danny Boyle Crime Drama
Shane Abbess,Kellan Lutz,Daniel MacPherson,Isabel Lucas,Science Fiction,science fiction volume one: the osiris child,Kellan Lutz Daniel MacPherson Isabel Lucas Shane Abbess Science Fiction
Ry Russo-Young,Zoey Deutch,Halston Sage,Logan Miller,Mystery Drama Thriller,before i fall,Zoey Deutch Halston Sage Logan Miller Ry Russo-Young Mystery Drama Thriller
Michael Showalter,Kumail Nanjiani,Zoe Kazan,Holly Hunter,Comedy Drama Romance,the big sick,Kumail Nanjiani Zoe Kazan Holly Hunter Michael Showalter Comedy Drama Romance
Matt Spicer,Aubrey Plaza,Elizabeth Olsen,O'Shea Jackson Jr.,Drama Comedy,ingrid goes west,Aubrey Plaza Elizabeth Olsen O'Shea Jackson Jr. Matt Spicer Drama Comedy
Macon Blair,Melanie Lynskey,Elijah Wood,David Yow,Comedy Crime Drama Thriller,i don't feel at home in this world anymore,Melanie Lynskey Elijah Wood David Yow Macon Blair Comedy Crime Drama Thriller
Guy Ritchie,Charlie Hunnam,Astrid Bergès-Frisbey,Jude Law,Action Drama Fantasy,king arthur: legend of the sword,Charlie Hunnam Astrid Bergès-Frisbey Jude Law Guy Ritchie Action Drama Fantasy
Bill Condon,Emma Watson,Dan Stevens,Luke Evans,Family Fantasy Romance,beauty and the beast,Emma Watson Dan Stevens Luke Evans Bill Condon Family Fantasy Romance
Chester Tam,Stella Maeve,Andy Samberg,Josh Peck,Comedy,take the 10,Stella Maeve Andy Samberg Josh Peck Chester Tam Comedy
Tom McGrath,Alec Baldwin,Miles Bakshi,Jimmy Kimmel,Animation Comedy Family,the boss baby,Alec Baldwin Miles Bakshi Jimmy Kimmel Tom McGrath Animation Comedy Family
Jay Oliva,Matt Ryan,Jason O'Mara,Camilla Luddington,Action Animation Fantasy Science Fiction Thriller,justice league dark,Matt Ryan Jason O'Mara Camilla Luddington Jay Oliva Action Animation Fantasy Science Fiction Thriller
Sotiris Tsafoulias,Pigmalion Dadakaridis,Dimitris Katalifos,Manos Vakousis,Thriller Mystery,the other me,Pigmalion Dadakaridis Dimitris Katalifos Manos Vakousis Sotiris Tsafoulias Thriller Mystery
Luca Guadagnino,Timothée Chalamet,Armie Hammer,Michael Stuhlbarg,Romance Drama,call me by your name,Timothée Chalamet Armie Hammer Michael Stuhlbarg Luca Guadagnino Romance Drama
Adam Randall,Bill Milner,Maisie Williams,Rory Kinnear,Action Crime Science Fiction Thriller,iboy,Bill Milner Maisie Williams Rory Kinnear Adam Randall Action Crime Science Fiction Thriller
Salvatore Ficarra Valentino Picone,Salvatore Ficarra,Valentino Picone,Vincenzo Amato,Comedy,l'ora legale,Salvatore Ficarra Valentino Picone Vincenzo Amato Salvatore Ficarra Valentino Picone Comedy
Onur Tukel,Sandra Oh,Anne Heche,Alicia Silverstone,Comedy Drama,catfight,Sandra Oh Anne Heche Alicia Silverstone Onur Tukel Comedy Drama
David Lowery,Casey Affleck,Rooney Mara,Will Oldham,Drama Fantasy Romance,a ghost story,Casey Affleck Rooney Mara Will Oldham David Lowery Drama Fantasy Romance
Rupert Sanders,Scarlett Johansson,Michael Pitt,Pilou Asbæk,Action Science Fiction Thriller,ghost in the shell,Scarlett Johansson Michael Pitt Pilou Asbæk Rupert Sanders Action Science Fiction Thriller
Matt Murphy,Dean O'Gorman,James Rolleston,Ashleigh Cummings,Action Comedy Crime,pork pie,Dean O'Gorman James Rolleston Ashleigh Cummings Matt Murphy Action Comedy Crime
Karyn Kusama Jovanka Vuckovic Roxanne Benjamin St. Vincent,Natalie Brown,Melanie Lynskey,Breeda Wool,Horror,xx,Natalie Brown Melanie Lynskey Breeda Wool Karyn Kusama Jovanka Vuckovic Roxanne Benjamin St. Vincent Horror
Shaad Ali,Aditya Roy Kapoor,Shraddha Kapoor,Leela Samson,Drama Romance,ok jaanu,Aditya Roy Kapoor Shraddha Kapoor Leela Samson Shaad Ali Drama Romance
James Foley,Dakota Johnson,Jamie Dornan,Eric Johnson,Drama Romance,fifty shades darker,Dakota Johnson Jamie Dornan Eric Johnson James Foley Drama Romance
Craig Johnson,Woody Harrelson,Sandy Oian-Thomas,Shaun Brown,Drama Comedy,wilson,Woody Harrelson Sandy Oian-Thomas Shaun Brown Craig Johnson Drama Comedy
Fyodor Bondarchuk,Rinal Mukhametov,Sergey Garmash,Oleg Menshikov,Drama Romance Science Fiction,attraction,Rinal Mukhametov Sergey Garmash Oleg Menshikov Fyodor Bondarchuk Drama Romance Science Fiction
Pascal Bourdiaux,Jean Reno,Reem Kherici,Camille Chamoux,Comedy,family heist,Jean Reno Reem Kherici Camille Chamoux Pascal Bourdiaux Comedy
Caradog W. James,Katee Sackhoff,Lucy Boynton,Javier Botet,Horror,don't knock twice,Katee Sackhoff Lucy Boynton Javier Botet Caradog W. James Horror
Ido Fluk,Dan Stevens,Malin Åkerman,Kerry Bishé,Drama,the ticket,Dan Stevens Malin Åkerman Kerry Bishé Ido Fluk Drama
Ed Gass-Donnelly,Abbie Cornish,Dermot Mulroney,Diego Klattenhoff,Drama Thriller,lavender,Abbie Cornish Dermot Mulroney Diego Klattenhoff Ed Gass-Donnelly Drama Thriller
Christopher Smith,Tye Sheridan,Bel Powley,Emory Cohen,Thriller,detour,Tye Sheridan Bel Powley Emory Cohen Christopher Smith Thriller
Bill Purple,Jason Sudeikis,Maisie Williams,Jessica Biel,Drama,the book of love,Jason Sudeikis Maisie Williams Jessica Biel Bill Purple Drama
Aki Kaurismäki,Sakari Kuosmanen,Sherwan Haji,Simon Al-Bazoon,Comedy Drama,the other side of hope,Sakari Kuosmanen Sherwan Haji Simon Al-Bazoon Aki Kaurismäki Comedy Drama
Alex Grossman,Troy Doherty,Flavia Watson,Raychel Diane Weiner,Comedy,hickey,Troy Doherty Flavia Watson Raychel Diane Weiner Alex Grossman Comedy
Arnaud des Pallières,Adèle Exarchopoulos,Adèle Haenel,Solène Rigot,Drama,orphan,Adèle Exarchopoulos Adèle Haenel Solène Rigot Arnaud des Pallières Drama
Martín Hodara,Ricardo Darín,Leonardo Sbaraglia,Laia Costa,Mystery Drama Crime Thriller,black snow,Ricardo Darín Leonardo Sbaraglia Laia Costa Martín Hodara Mystery Drama Crime Thriller
Akiva Schaffer Scott Aukerman,Michael Bolton,Adam Scott,Sarah Shahi,Comedy Music,"michael bolton's big, sexy valentine's day special",Michael Bolton Adam Scott Sarah Shahi Akiva Schaffer Scott Aukerman Comedy Music
Evan Oppenheimer,Brett Dalton,Emily Atack,Stana Katic,Adventure Drama Romance,lost in florence,Brett Dalton Emily Atack Stana Katic Evan Oppenheimer Adventure Drama Romance
Ben Browder,Gina Gershon,Sean Astin,Sammi Hanratty,Mystery Comedy Thriller Science Fiction Fantasy,bad kids of crestview academy,Gina Gershon Sean Astin Sammi Hanratty Ben Browder Mystery Comedy Thriller Science Fiction Fantasy
Sydney Sibilia,Edoardo Leo,Valerio Aprea,Stefano Fresi,Action Comedy Crime,smetto quando voglio: masterclass,Edoardo Leo Valerio Aprea Stefano Fresi Sydney Sibilia Action Comedy Crime
Oliver Schmitz,Andrea Riseborough,Steve Coogan,Deon Lotz,Drama,shepherds and butchers,Andrea Riseborough Steve Coogan Deon Lotz Oliver Schmitz Drama
James Franco,James Franco,Nat Wolff,Selena Gomez,Drama,in dubious battle,James Franco Nat Wolff Selena Gomez James Franco Drama
Cate Shortland,Teresa Palmer,Max Riemelt,Matthias Habich,Mystery Thriller Drama Horror,berlin syndrome,Teresa Palmer Max Riemelt Matthias Habich Cate Shortland Mystery Thriller Drama Horror
Jenny Gage,Dusty Rose Ryan,Lena M.,Ginger Leigh Ryan,Documentary,all this panic,Dusty Rose Ryan Lena M. Ginger Leigh Ryan Jenny Gage Documentary
Joel David Moore,Frank Langella,Billy Crudup,Christina Applegate,Comedy Drama,youth in oregon,Frank Langella Billy Crudup Christina Applegate Joel David Moore Comedy Drama
Terrence Malick,Michael Fassbender,Ryan Gosling,Rooney Mara,Drama Music Romance,song to song,Michael Fassbender Ryan Gosling Rooney Mara Terrence Malick Drama Music Romance
Marti Noxon,Lily Collins,Carrie Preston,Lili Taylor,Drama,to the bone,Lily Collins Carrie Preston Lili Taylor Marti Noxon Drama
Michael Stephenson,Bob Odenkirk,Amber Tamblyn,Natasha Lyonne,Comedy Drama,girlfriend's day,Bob Odenkirk Amber Tamblyn Natasha Lyonne Michael Stephenson Comedy Drama
Liu Jian,Yang Siming,Cao Kou,Ma Xiaofeng,Animation Crime,have a nice day,Yang Siming Cao Kou Ma Xiaofeng Liu Jian Animation Crime
Anne Hamilton,Peyton Kennedy,Richard Schiff,Kip Pardue,Drama Thriller,american fable,Peyton Kennedy Richard Schiff Kip Pardue Anne Hamilton Drama Thriller
Marc Rothemund,Kostja Ullmann,Anna Maria Mühe,Jacob Matschenz,Comedy,my blind date with life,Kostja Ullmann Anna Maria Mühe Jacob Matschenz Marc Rothemund Comedy
Mirjana Karanović,Mirjana Karanović,Boris Isaković,Marko Nikolić,Drama,a good wife,Mirjana Karanović Boris Isaković Marko Nikolić Mirjana Karanović Drama
Agnieszka Holland,Agnieszka Mandat-Grabka,Wiktor Zborowski,Jakub Gierszał,Crime Drama Mystery Thriller,spoor,Agnieszka Mandat-Grabka Wiktor Zborowski Jakub Gierszał Agnieszka Holland Crime Drama Mystery Thriller
Francis Lee,Josh O'Connor,Alec Secareanu,Ian Hart,Romance Drama,god's own country,Josh O'Connor Alec Secareanu Ian Hart Francis Lee Romance Drama
Sebastián Lelio,Daniela Vega,Francisco Reyes,Luis Gnecco,Drama,a fantastic woman,Daniela Vega Francisco Reyes Luis Gnecco Sebastián Lelio Drama
Teresa Villaverde,João Pedro Vaz,Alice Albergaria Borges,Beatriz Batarda,Drama,colo,João Pedro Vaz Alice Albergaria Borges Beatriz Batarda Teresa Villaverde Drama
Călin Peter Netzer,Mircea Postelnicu,Diana Cavallioti,Carmen Tănase,Drama,"ana, my love",Mircea Postelnicu Diana Cavallioti Carmen Tănase Călin Peter Netzer Drama
Rezo Gigineishvili,Irakli Kvirikadze,Tinatin Dalakishvili,Merab Ninidze,Drama,hostages,Irakli Kvirikadze Tinatin Dalakishvili Merab Ninidze Rezo Gigineishvili Drama
So Yong Kim,Jena Malone,Riley Keough,Jessie Ok Gray,Drama Romance,lovesong,Jena Malone Riley Keough Jessie Ok Gray So Yong Kim Drama Romance
Vladimir Besedin,Aleksandr Gorbatov,Ivan Fominov,Anton Kuznetsov,Action Adventure Science Fiction Drama,major grom,Aleksandr Gorbatov Ivan Fominov Anton Kuznetsov Vladimir Besedin Action Adventure Science Fiction Drama
Peter W. Kunhardt Brian Oakes,Warren Buffett,Susan Buffett,Bill Gates,Documentary,becoming warren buffett,Warren Buffett Susan Buffett Bill Gates Peter W. Kunhardt Brian Oakes Documentary
Catalina Aguilar Mastretta,Karla Souza,José María Yazpik,Ben O'Toole,Romance Comedy,everybody loves somebody,Karla Souza José María Yazpik Ben O'Toole Catalina Aguilar Mastretta Romance Comedy
Dany Boon,Alice Pol,Dany Boon,Michel Blanc,Action Comedy,r.a.i.d. special unit,Alice Pol Dany Boon Michel Blanc Dany Boon Action Comedy
Leslie Libman,Natasha Bassett,Jenna Berman,Matthew Harrison,Drama TV Movie,britney ever after,Natasha Bassett Jenna Berman Matthew Harrison Leslie Libman Drama TV Movie
Kerstin Karlhuber,Tom Wopat,Michael Grant,Gregory Harrison,Family Drama,fair haven,Tom Wopat Michael Grant Gregory Harrison Kerstin Karlhuber Family Drama
Destin Cretton,Brie Larson,Woody Harrelson,Naomi Watts,Drama,the glass castle,Brie Larson Woody Harrelson Naomi Watts Destin Cretton Drama
Thomas Torrey,Thomas Torrey,Katherine Drew,J.R. Adduci,Drama Thriller,fare,Thomas Torrey Katherine Drew J.R. Adduci Thomas Torrey Drama Thriller
Dome Karukoski,Pekka Strang,Lauri Tilkanen,Jakob Oftebro,Drama,tom of finland,Pekka Strang Lauri Tilkanen Jakob Oftebro Dome Karukoski Drama
Kris Avedisian,Louisa Krause,Allie Marshall,Ariana DeFusco,Drama Comedy,donald cried,Louisa Krause Allie Marshall Ariana DeFusco Kris Avedisian Drama Comedy
Mike Dudko,Rachel Barrer,Gleb Kaminer,Shaun Rey,Horror Comedy,zombie pizza,Rachel Barrer Gleb Kaminer Shaun Rey Mike Dudko Horror Comedy
Lone Scherfig,Gemma Arterton,Sam Claflin,Bill Nighy,Romance War Comedy Drama,their finest,Gemma Arterton Sam Claflin Bill Nighy Lone Scherfig Romance War Comedy Drama
Joseph Ruben,Michiel Huisman,Hera Hilmar,Josh Hartnett,Romance Drama War,the ottoman lieutenant,Michiel Huisman Hera Hilmar Josh Hartnett Joseph Ruben Romance Drama War
William Oldroyd,Florence Pugh,Cosmo Jarvis,Paul Hilton,Drama,lady macbeth,Florence Pugh Cosmo Jarvis Paul Hilton William Oldroyd Drama
Ritesh Batra,Jim Broadbent,Charlotte Rampling,Harriet Walter,Mystery Drama,the sense of an ending,Jim Broadbent Charlotte Rampling Harriet Walter Ritesh Batra Mystery Drama
Susan Johnson,Bel Powley,Nathan Lane,Gabriel Byrne,Drama Comedy,carrie pilby,Bel Powley Nathan Lane Gabriel Byrne Susan Johnson Drama Comedy
James Franco Pamela Romanowsky,James Franco,Tim Blake Nelson,Lori Singer,Thriller,the institute,James Franco Tim Blake Nelson Lori Singer James Franco Pamela Romanowsky Thriller
Filippo Capuzzi Lapietra,Felipe Castanhari,Rafinha Bastos,PC Siqueira,Comedy,internet - o filme,Felipe Castanhari Rafinha Bastos PC Siqueira Filippo Capuzzi Lapietra Comedy
Mehdi Idir Grand Corps Malade,Pablo Pauly,Soufiane Guerrab,Moussa Mansaly,Drama Comedy,patients,Pablo Pauly Soufiane Guerrab Moussa Mansaly Mehdi Idir Grand Corps Malade Drama Comedy
Stuart Hazeldine,Sam Worthington,Octavia Spencer,Tim McGraw,Drama Fantasy,the shack,Sam Worthington Octavia Spencer Tim McGraw Stuart Hazeldine Drama Fantasy
Svyatoslav Podgayevskiy,Victoria Agalakova,Vyacheslav Chepurchenko,Alexandra Rebenok,Mystery Horror Thriller,the bride,Victoria Agalakova Vyacheslav Chepurchenko Alexandra Rebenok Svyatoslav Podgayevskiy Mystery Horror Thriller
Daniel Espinosa,Jake Gyllenhaal,Rebecca Ferguson,Ryan Reynolds,Horror Science Fiction Thriller,life,Jake Gyllenhaal Rebecca Ferguson Ryan Reynolds Daniel Espinosa Horror Science Fiction Thriller
Sanjay Gupta,Hrithik Roshan,Yami Gautam,Ronit Roy,Action Crime Romance,kaabil,Hrithik Roshan Yami Gautam Ronit Roy Sanjay Gupta Action Crime Romance
Bryan Brewer,Cree Kelly,Allie Rivera,Thatcher Robinson,Horror,the raking,Cree Kelly Allie Rivera Thatcher Robinson Bryan Brewer Horror
J.D. Dillard,Jacob Latimore,Seychelle Gabriel,Sasheer Zamata,Drama Thriller Action Science Fiction,sleight,Jacob Latimore Seychelle Gabriel Sasheer Zamata J.D. Dillard Drama Thriller Action Science Fiction
Sarah Adina Smith,Rami Malek,DJ Qualls,Kate Lyn Sheil,Mystery Drama,buster's mal heart,Rami Malek DJ Qualls Kate Lyn Sheil Sarah Adina Smith Mystery Drama
Han Jae-rim,Jo In-sung,Jung Woo-sung,Bae Seong-woo,Drama Crime,the king,Jo In-sung Jung Woo-sung Bae Seong-woo Han Jae-rim Drama Crime
David Ryan Keith,Michael Koltes,Paul Flannery,Lisa Livingstone,Horror,ghosts of darkness,Michael Koltes Paul Flannery Lisa Livingstone David Ryan Keith Horror
Dean Israelite,Dacre Montgomery,Naomi Scott,RJ Cyler,Action Adventure Science Fiction,power rangers,Dacre Montgomery Naomi Scott RJ Cyler Dean Israelite Action Adventure Science Fiction
Ridley Scott,Michael Fassbender,Katherine Waterston,Billy Crudup,Horror Science Fiction Thriller,alien: covenant,Michael Fassbender Katherine Waterston Billy Crudup Ridley Scott Horror Science Fiction Thriller
Massimiliano Bruno,Marco Giallini,Alessandro Gassman,Teresa Romagnoli,Comedy,beata ignoranza,Marco Giallini Alessandro Gassman Teresa Romagnoli Massimiliano Bruno Comedy
Ben Wheatley,Sharlto Copley,Armie Hammer,Brie Larson,Action Comedy Crime Thriller,free fire,Sharlto Copley Armie Hammer Brie Larson Ben Wheatley Action Comedy Crime Thriller
Kitty Green,Hannah Cagwin,Aeona Cruz,Liv Bagley,Documentary,casting jonbenet,Hannah Cagwin Aeona Cruz Liv Bagley Kitty Green Documentary
Etienne Comar,Reda Kateb,Cécile de France,Àlex Brendemühl,Drama,django,Reda Kateb Cécile de France Àlex Brendemühl Etienne Comar Drama
Samuli Valkama,Noah Kin,Heikki Nousiainen,Mikko Nousiainen,Comedy Drama,unexpected journey,Noah Kin Heikki Nousiainen Mikko Nousiainen Samuli Valkama Comedy Drama
Oren Moverman,Richard Gere,Laura Linney,Steve Coogan,Drama Thriller,the dinner,Richard Gere Laura Linney Steve Coogan Oren Moverman Drama Thriller
Josef Hader,Josef Hader,Georg Friedrich,Crina Semciuc,Comedy Crime Drama,wild mouse,Josef Hader Georg Friedrich Crina Semciuc Josef Hader Comedy Crime Drama
Brian Vernick,Cheryl M. Bailey,Louis Ballezzi,Shawn Bittenbender,Crime Drama,the avenue,Cheryl M. Bailey Louis Ballezzi Shawn Bittenbender Brian Vernick Crime Drama
Steven C. Miller,Nicolas Cage,Christopher Rob Bowen,Adrian Grenier,Action Crime Thriller,arsenal,Nicolas Cage Christopher Rob Bowen Adrian Grenier Steven C. Miller Action Crime Thriller
Adolfo Martínez Pérez,Ariadna Gil,Roberto Álamo,Antonio Garrido,War,rescue under fire,Ariadna Gil Roberto Álamo Antonio Garrido Adolfo Martínez Pérez War
Vanessa Parise,Haley Pullos,Judd Nelson,Sasha Clements,Drama,from straight a's to xxx,Haley Pullos Judd Nelson Sasha Clements Vanessa Parise Drama
Fernando González Molina,Marta Etura ,Elvira Mínguez,Francesc Orella,Thriller,the invisible guardian,Marta Etura  Elvira Mínguez Francesc Orella Fernando González Molina Thriller
Aaron Katz,Lola Kirke,Zoë Kravitz,John Cho,Thriller,gemini,Lola Kirke Zoë Kravitz John Cho Aaron Katz Thriller
Fiona Gordon Dominique Abel,Fiona Gordon,Dominique Abel,Emmanuelle Riva,Comedy,lost in paris,Fiona Gordon Dominique Abel Emmanuelle Riva Fiona Gordon Dominique Abel Comedy
Francis Whately,Tony Visconti,Gail Ann Dorsey,Tony Basil,Music Documentary,david bowie: the last five years,Tony Visconti Gail Ann Dorsey Tony Basil Francis Whately Music Documentary
Amanda Kernell,Lene Cecilia Sparrok,Mia Sparrok,Maj-Doris Rimpi,Drama,sami blood,Lene Cecilia Sparrok Mia Sparrok Maj-Doris Rimpi Amanda Kernell Drama
Andrew Getty,Fred Koehler,Sean Patrick Flanery,Brianna Brown,Horror,the evil within,Fred Koehler Sean Patrick Flanery Brianna Brown Andrew Getty Horror
Mark Pellington,Shirley MacLaine,Amanda Seyfried,Anne Heche,Comedy Drama,the last word,Shirley MacLaine Amanda Seyfried Anne Heche Mark Pellington Comedy Drama
Dax Shepard,Michael Peña,Dax Shepard,Jessica McNamee,Action Comedy Crime,chips,Michael Peña Dax Shepard Jessica McNamee Dax Shepard Action Comedy Crime
Jeffrey Blitz,Anna Kendrick,Craig Robinson,June Squibb,Comedy Drama,table 19,Anna Kendrick Craig Robinson June Squibb Jeffrey Blitz Comedy Drama
Zach Braff,Morgan Freeman,Michael Caine,Alan Arkin,Crime Comedy Drama,going in style,Morgan Freeman Michael Caine Alan Arkin Zach Braff Crime Comedy Drama
Geoffrey Orthwein Andrew Sullivan,Maika Monroe,Matt O'Leary,Arnar Jónsson,Drama Science Fiction Thriller,bokeh,Maika Monroe Matt O'Leary Arnar Jónsson Geoffrey Orthwein Andrew Sullivan Drama Science Fiction Thriller
Philippe Lacheau,Philippe Lacheau,Élodie Fontan,Julien Arruti,Comedy,alibi.com,Philippe Lacheau Élodie Fontan Julien Arruti Philippe Lacheau Comedy
Gavin Wiesen,J.K. Simmons,Analeigh Tipton,Emile Hirsch,Comedy,all nighter,J.K. Simmons Analeigh Tipton Emile Hirsch Gavin Wiesen Comedy
Nicolas Bedos,Nicolas Bedos,Doria Tillier,Denis Podalydès,Romance Drama Comedy,mr & mme adelman,Nicolas Bedos Doria Tillier Denis Podalydès Nicolas Bedos Romance Drama Comedy
Sydney Freeland,Ashleigh Murray,Rachel Crow,Tim Blake Nelson,Drama Comedy Crime,deidra & laney rob a train,Ashleigh Murray Rachel Crow Tim Blake Nelson Sydney Freeland Drama Comedy Crime
Simon Amstell,Simon Amstell,Linda Bassett,Martin Freeman,Science Fiction Comedy Documentary,carnage: swallowing the past,Simon Amstell Linda Bassett Martin Freeman Simon Amstell Science Fiction Comedy Documentary
Tommy O'Haver,Melissa Leo,Josh Lucas,Michael Chernus,Crime Drama,the most hated woman in america,Melissa Leo Josh Lucas Michael Chernus Tommy O'Haver Crime Drama
George Mendeluk,Max Irons,Samantha Barks,Terence Stamp,War Drama History Romance,bitter harvest,Max Irons Samantha Barks Terence Stamp George Mendeluk War Drama History Romance
Johnny Martin,Nicolas Cage,Deborah Kara Unger,Anna Hutchison,Action Thriller,vengeance: a love story,Nicolas Cage Deborah Kara Unger Anna Hutchison Johnny Martin Action Thriller
Álex de la Iglesia,Mario Casas,Blanca Suárez,Carmen Machi,Horror Thriller Comedy,the bar,Mario Casas Blanca Suárez Carmen Machi Álex de la Iglesia Horror Thriller Comedy
Ned Crowley,Jim O'Heir,Andrew J. West,Josh McDermitt,Drama Comedy Crime Thriller,middle man,Jim O'Heir Andrew J. West Josh McDermitt Ned Crowley Drama Comedy Crime Thriller
Nathan Adloff,Tim Boardman,Missi Pyle,Stephen Root,Drama,miles,Tim Boardman Missi Pyle Stephen Root Nathan Adloff Drama
Kelly Asbury,Julia Roberts,Ariel Winter,Ellie Kemper,Adventure Animation Comedy Family,smurfs: the lost village,Julia Roberts Ariel Winter Ellie Kemper Kelly Asbury Adventure Animation Comedy Family
Charlie McDowell,Jason Segel,Rooney Mara,Robert Redford,Drama Romance Science Fiction Thriller,the discovery,Jason Segel Rooney Mara Robert Redford Charlie McDowell Drama Romance Science Fiction Thriller
Gurinder Chadha,Hugh Bonneville,Gillian Anderson,Michael Gambon,Drama History,viceroy's house,Hugh Bonneville Gillian Anderson Michael Gambon Gurinder Chadha Drama History
Alec Su,Nick Wang,Zhang Lu-Yi,Ruby Lin,Mystery Thriller,the devotion of suspect x,Nick Wang Zhang Lu-Yi Ruby Lin Alec Su Mystery Thriller
Niki Caro,Jessica Chastain,Johan Heldenbergh,Daniel Brühl,Drama History,the zookeeper's wife,Jessica Chastain Johan Heldenbergh Daniel Brühl Niki Caro Drama History
Miguel A. Ferrer,Amy Johnston,Cortney Palm,Rey Goyos,Drama Action,female fight club,Amy Johnston Cortney Palm Rey Goyos Miguel A. Ferrer Drama Action
Robert Legato,Eliza Dushku,Robert Patrick,Chace Crawford,Horror Mystery Thriller,eloise,Eliza Dushku Robert Patrick Chace Crawford Robert Legato Horror Mystery Thriller
Marc Webb,Chris Evans,Mckenna Grace,Lindsay Duncan,Drama,gifted,Chris Evans Mckenna Grace Lindsay Duncan Marc Webb Drama
Sam Liu,Stuart Allan,Jake T. Austin,Taissa Farmiga,Science Fiction Animation Action,teen titans: the judas contract,Stuart Allan Jake T. Austin Taissa Farmiga Sam Liu Science Fiction Animation Action
Elliott Lester,Arnold Schwarzenegger,Scoot McNairy,Maggie Grace,Drama Thriller,aftermath,Arnold Schwarzenegger Scoot McNairy Maggie Grace Elliott Lester Drama Thriller
Ole Bornedal,Nicolas Bro,Ulrich Thomsen,Mia Lyhne,Comedy Crime Drama,small town killers,Nicolas Bro Ulrich Thomsen Mia Lyhne Ole Bornedal Comedy Crime Drama
Ricardo Herrera,Andy Goldenberg,Emily Roya O'Brien,Nick Armstrong,Comedy,the bigfoot project,Andy Goldenberg Emily Roya O'Brien Nick Armstrong Ricardo Herrera Comedy
Jon Gunn,Mike Vogel,Erika Christensen,Faye Dunaway,Drama,the case for christ,Mike Vogel Erika Christensen Faye Dunaway Jon Gunn Drama
Leif Tilden,Graham Rogers,Billy Crudup,Liana Liberato,Drama Romance,1 mile to you,Graham Rogers Billy Crudup Liana Liberato Leif Tilden Drama Romance
Aaron Woodley,Jessica Biel,Hilary Swank,Susan Sarandon,Adventure Animation Comedy Family Science Fiction,spark: a space tail,Jessica Biel Hilary Swank Susan Sarandon Aaron Woodley Adventure Animation Comedy Family Science Fiction
Stella Meghie,Amandla Stenberg,Nick Robinson,Anika Noni Rose,Drama Romance,"everything, everything",Amandla Stenberg Nick Robinson Anika Noni Rose Stella Meghie Drama Romance
David Bowers,Jason Ian Drucker,Owen Asztalos,Charlie Wright,Comedy Family,diary of a wimpy kid: the long haul,Jason Ian Drucker Owen Asztalos Charlie Wright David Bowers Comedy Family
Alain Gomis,Véro Tshanda Beya Mputu,Gaetan Claudia,Papi Mpaka,Drama,félicité,Véro Tshanda Beya Mputu Gaetan Claudia Papi Mpaka Alain Gomis Drama
Andrey Volgin,Agniya Ditkovskite,Denis Shvedov,Anvar Khalilulaev,Action Fantasy,dance to death,Agniya Ditkovskite Denis Shvedov Anvar Khalilulaev Andrey Volgin Action Fantasy
Dmitriy Kiselev,Evgeny Mironov,Konstantin Khabenskiy,Vladimir Ilin,Adventure Drama History,the spacewalker,Evgeny Mironov Konstantin Khabenskiy Vladimir Ilin Dmitriy Kiselev Adventure Drama History
Seth Gordon,Dwayne Johnson,Zac Efron,Alexandra Daddario,Action Comedy,baywatch,Dwayne Johnson Zac Efron Alexandra Daddario Seth Gordon Action Comedy
Denise Di Novi,Rosario Dawson,Katherine Heigl,Geoff Stults,Drama Thriller,unforgettable,Rosario Dawson Katherine Heigl Geoff Stults Denise Di Novi Drama Thriller
Jonathan Levine,Amy Schumer,Goldie Hawn,Tom Bateman,Action Comedy,snatched,Amy Schumer Goldie Hawn Tom Bateman Jonathan Levine Action Comedy
Alex Kurtzman,Tom Cruise,Russell Crowe,Annabelle Wallis,Thriller Action Adventure,the mummy,Tom Cruise Russell Crowe Annabelle Wallis Alex Kurtzman Thriller Action Adventure
Alastair Orr,Sharni Vinson,Carlyn Burchell,Steve John Ward,Action Horror,from a house on willow street,Sharni Vinson Carlyn Burchell Steve John Ward Alastair Orr Action Horror
F. Gary Gray,Vin Diesel,Jason Statham,Dwayne Johnson,Action Crime Thriller,the fate of the furious,Vin Diesel Jason Statham Dwayne Johnson F. Gary Gray Action Crime Thriller
Bryce Wagoner,Ginger Lynn Allen,Lisa Ann,Janine Lindemulder,Documentary,after porn ends 2,Ginger Lynn Allen Lisa Ann Janine Lindemulder Bryce Wagoner Documentary
Gerard McMurray,Trevor Jackson,Alfre Woodard,Steve Harris,Drama,burning sands,Trevor Jackson Alfre Woodard Steve Harris Gerard McMurray Drama
Ian Truitner,Sunny Mabrey,Lance Broadway,T.J. Hoban,Science Fiction,teleios,Sunny Mabrey Lance Broadway T.J. Hoban Ian Truitner Science Fiction
Steven Brill,Adam Sandler,Kevin James,Terry Crews,Comedy,sandy wexler,Adam Sandler Kevin James Terry Crews Steven Brill Comedy
Phil Volken,Bethany Joy Lenz,Danny Glover,Tim Griffin,Action Adventure Crime Drama Thriller,extortion,Bethany Joy Lenz Danny Glover Tim Griffin Phil Volken Action Adventure Crime Drama Thriller
Michael O'Shea,Eric Ruffin,Chloe Levine,Aaron Moten,Horror Drama,the transfiguration,Eric Ruffin Chloe Levine Aaron Moten Michael O'Shea Horror Drama
Carson D. Mell,Steve Zissis,Mark Proksch,Jennifer Irwin,Comedy Horror,another evil,Steve Zissis Mark Proksch Jennifer Irwin Carson D. Mell Comedy Horror
Joe Swanberg,Jake Johnson,Aislinn Derbez,Joe Lo Truglio,Comedy,win it all,Jake Johnson Aislinn Derbez Joe Lo Truglio Joe Swanberg Comedy
David Soren,Kevin Hart,Ed Helms,Thomas Middleditch,Action Animation Comedy Family,captain underpants: the first epic movie,Kevin Hart Ed Helms Thomas Middleditch David Soren Action Animation Comedy Family
Carlos Bolado,Martha Higareda,Alfonso Dosal,Christian Vazquez,Family Comedy,3 idiotas,Martha Higareda Alfonso Dosal Christian Vazquez Carlos Bolado Family Comedy
Zoe Lister-Jones,Zoe Lister-Jones,Adam Pally,Fred Armisen,Comedy,band aid,Zoe Lister-Jones Adam Pally Fred Armisen Zoe Lister-Jones Comedy
Trey Edward Shults,Joel Edgerton,Christopher Abbott,Carmen Ejogo,Horror Mystery Thriller,it comes at night,Joel Edgerton Christopher Abbott Carmen Ejogo Trey Edward Shults Horror Mystery Thriller
Gabriela Cowperthwaite,Kate Mara,Ramón Rodríguez,Tom Felton,Drama War,megan leavey,Kate Mara Ramón Rodríguez Tom Felton Gabriela Cowperthwaite Drama War
Roger Michell,Rachel Weisz,Sam Claflin,Holliday Grainger,Drama Romance,my cousin rachel,Rachel Weisz Sam Claflin Holliday Grainger Roger Michell Drama Romance
Doug Archibald,Artemis Pebdani,Sasha Mitchell,Angela Trimbur,Comedy,i love you both,Artemis Pebdani Sasha Mitchell Angela Trimbur Doug Archibald Comedy
Ari Issler Ben Snyder,Victor Almanzar,Shirley Rumierk,Elizabeth Rodriguez,Drama Crime,11:55,Victor Almanzar Shirley Rumierk Elizabeth Rodriguez Ari Issler Ben Snyder Drama Crime
Brian Fee,Owen Wilson,Cristela Alonzo,Chris Cooper,Family Comedy Animation Adventure,cars 3,Owen Wilson Cristela Alonzo Chris Cooper Brian Fee Family Comedy Animation Adventure
Aisling Walsh,Sally Hawkins,Ethan Hawke,Gabrielle Rose,Drama History Romance,maudie,Sally Hawkins Ethan Hawke Gabrielle Rose Aisling Walsh Drama History Romance
Takanori Tsujimoto,Kevin Dorman,Matthew Mercer,Erin Cahill,Action Adventure Animation Horror Mystery Science Fiction,resident evil: vendetta,Kevin Dorman Matthew Mercer Erin Cahill Takanori Tsujimoto Action Adventure Animation Horror Mystery Science Fiction
Fred Wolf,Leah Remini,Charlotte McKinney,Charlie Sheen,Comedy,mad families,Leah Remini Charlotte McKinney Charlie Sheen Fred Wolf Comedy
Luc Bondy,Isabelle Huppert,Louis Garrel,Bulle Ogier,Drama Comedy,false confessions,Isabelle Huppert Louis Garrel Bulle Ogier Luc Bondy Drama Comedy
James Nunn,Mike Mizanin,Anna Van Hooft,Maryse Ouellet Mizanin,Action,the marine 5: battleground,Mike Mizanin Anna Van Hooft Maryse Ouellet Mizanin James Nunn Action
Robert Conway,Monica Engesser,Clint James,Maria Olsen,Horror,the covenant,Monica Engesser Clint James Maria Olsen Robert Conway Horror
Savage Steve Holland,Jace Norman,Davis Cleveland,Haley Tju,Family Fantasy Comedy,rufus 2,Jace Norman Davis Cleveland Haley Tju Savage Steve Holland Family Fantasy Comedy
Colin Trevorrow,Naomi Watts,Jaeden Lieberher,Jacob Tremblay,Thriller Drama Crime,the book of henry,Naomi Watts Jaeden Lieberher Jacob Tremblay Colin Trevorrow Thriller Drama Crime
Brett Haley,Sam Elliott,Laura Prepon,Nick Offerman,Drama,the hero,Sam Elliott Laura Prepon Nick Offerman Brett Haley Drama
Matt Tyrnauer,Thomas Campanella,Mindy Fullilove,Alexander Garvin,Documentary,citizen jane: battle for the city,Thomas Campanella Mindy Fullilove Alexander Garvin Matt Tyrnauer Documentary
Doug Liman,Aaron Taylor-Johnson,John Cena,Laith Nakli,Drama Thriller War,the wall,Aaron Taylor-Johnson John Cena Laith Nakli Doug Liman Drama Thriller War
Salamat Mukhammed-Ali,Armand Assante,Karlygash Mukhamedzhanova,Alexey Frandetti,Action,diamond cartel,Armand Assante Karlygash Mukhamedzhanova Alexey Frandetti Salamat Mukhammed-Ali Action
Justin Barber,Florence Hartigan,Jeanine Jackson,Chelsea Lopez,Horror Mystery Science Fiction,phoenix forgotten,Florence Hartigan Jeanine Jackson Chelsea Lopez Justin Barber Horror Mystery Science Fiction
Eduardo Casanova,Jon Kortajarena,Candela Peña,Ana Polvorosa,Drama Comedy,skins,Jon Kortajarena Candela Peña Ana Polvorosa Eduardo Casanova Drama Comedy
George C. Wolfe,Rose Byrne,Renée Elise Goldsberry,Oprah Winfrey,Drama,the immortal life of henrietta lacks,Rose Byrne Renée Elise Goldsberry Oprah Winfrey George C. Wolfe Drama
Jason Connery,Peter Mullan,Jack Lowden,Ophelia Lovibond,Drama Romance,tommy's honour,Peter Mullan Jack Lowden Ophelia Lovibond Jason Connery Drama Romance
John Butler,Nicholas Galitzine,Fionn O'Shea,Moe Dunford,Drama,handsome devil,Nicholas Galitzine Fionn O'Shea Moe Dunford John Butler Drama
Ricardo de Montreuil,Demián Bichir,Gabriel Chavarria,Theo Rossi,Drama,lowriders,Demián Bichir Gabriel Chavarria Theo Rossi Ricardo de Montreuil Drama
Stefan Ruzowitzky,Violetta Schurawlow,Tobias Moretti,Robert Palfrader,Thriller,cold hell,Violetta Schurawlow Tobias Moretti Robert Palfrader Stefan Ruzowitzky Thriller
Vincent J. Guastini Michael McQuown,Cortney Palm,David Hull,Emilia Zoryan,Horror Science Fiction Thriller,the dark tapes,Cortney Palm David Hull Emilia Zoryan Vincent J. Guastini Michael McQuown Horror Science Fiction Thriller
Liam O'Donnell,Frank Grillo,Bojana Novaković,Iko Uwais,Action Science Fiction,beyond skyline,Frank Grillo Bojana Novaković Iko Uwais Liam O'Donnell Action Science Fiction
Gregori Viens,Henry Phillips,J.K. Simmons,Sarah Silverman,Comedy,punching henry,Henry Phillips J.K. Simmons Sarah Silverman Gregori Viens Comedy
Ken Marino,Eugenio Derbez,Salma Hayek,Rob Lowe,Comedy,how to be a latin lover,Eugenio Derbez Salma Hayek Rob Lowe Ken Marino Comedy
Michael Winterbottom,Steve Coogan,Rob Brydon,Claire Keelan,Drama Comedy,the trip to spain,Steve Coogan Rob Brydon Claire Keelan Michael Winterbottom Drama Comedy
Dave McCary,Kyle Mooney,Claire Danes,Mark Hamill,Comedy Drama,brigsby bear,Kyle Mooney Claire Danes Mark Hamill Dave McCary Comedy Drama
Derik Murray Adrian Buitenhuis,Heath Ledger,Kate Ledger,Kim Ledger,Documentary,i am heath ledger,Heath Ledger Kate Ledger Kim Ledger Derik Murray Adrian Buitenhuis Documentary
Fernando Coimbra,Nicholas Hoult,Logan Marshall-Green,Henry Cavill,Drama War,sand castle,Nicholas Hoult Logan Marshall-Green Henry Cavill Fernando Coimbra Drama War
Robert Dyke,Sarah Butler,Damon Dayoub,Charles Shaughnessy,Action Science Fiction Adventure,moontrap: target earth,Sarah Butler Damon Dayoub Charles Shaughnessy Robert Dyke Action Science Fiction Adventure
Roman Karimov,Efim Petrunin,Lyubov Aksyonova,Sofya Rayzman,Comedy,"have fun, vasya!",Efim Petrunin Lyubov Aksyonova Sofya Rayzman Roman Karimov Comedy
Park Kwang-hyun,Ji Chang-wook,Shim Eun-kyung,Ahn Jae-hong,Action,fabricated city,Ji Chang-wook Shim Eun-kyung Ahn Jae-hong Park Kwang-hyun Action
Michael Apted,Noomi Rapace,Orlando Bloom,Michael Douglas,Action Thriller,unlocked,Noomi Rapace Orlando Bloom Michael Douglas Michael Apted Action Thriller
Eric D. Howell,Emilia Clarke,Marton Csokas,Caterina Murino,Drama Mystery Romance Thriller,voice from the stone,Emilia Clarke Marton Csokas Caterina Murino Eric D. Howell Drama Mystery Romance Thriller
E.L. Katz,Nikolaj Coster-Waldau,Jacki Weaver,Robert Forster,Drama Comedy Thriller Crime,small crimes,Nikolaj Coster-Waldau Jacki Weaver Robert Forster E.L. Katz Drama Comedy Thriller Crime
Murat Kepez,Çaglar Çorumlu,Büşra Pekin,Mahir Ipek,Comedy,kolonya cumhuriyeti,Çaglar Çorumlu Büşra Pekin Mahir Ipek Murat Kepez Comedy
Mark Lamprell,Dacre Montgomery,Xavier Samuel,Kris Marshall,Comedy,a few less men,Dacre Montgomery Xavier Samuel Kris Marshall Mark Lamprell Comedy
Richard Sears,Jena Malone,Douglas Smith,Ted Levine,Drama Mystery Thriller,bottom of the world,Jena Malone Douglas Smith Ted Levine Richard Sears Drama Mystery Thriller
Simon West,Dominic Cooper,Gemma Chan,Connie Nielsen,Action Thriller,stratton,Dominic Cooper Gemma Chan Connie Nielsen Simon West Action Thriller
Azazel Jacobs,Debra Winger,Tracy Letts,Aidan Gillen,Comedy,the lovers,Debra Winger Tracy Letts Aidan Gillen Azazel Jacobs Comedy
S.S. Rajamouli,Prabhas,Rana Daggubati,Sathyaraj,Action Adventure History War,baahubali 2: the conclusion,Prabhas Rana Daggubati Sathyaraj S.S. Rajamouli Action Adventure History War
Juanita Wilson,Julia Garner,Jake Weary,Anna Friel,Drama Thriller,tomato red,Julia Garner Jake Weary Anna Friel Juanita Wilson Drama Thriller
Grant Humphreys,Ronan Quarmby,Brad Richards,Barbara Harrison,Science Fiction,taking earth,Ronan Quarmby Brad Richards Barbara Harrison Grant Humphreys Science Fiction
Maccio Capatonda,Maccio Capatonda,Maccio Capatonda,Maccio Capatonda,Comedy,omicidio all'italiana,Maccio Capatonda Maccio Capatonda Maccio Capatonda Maccio Capatonda Comedy
Joseph Cedar,Richard Gere,Lior Ashkenazi,Michael Sheen,Comedy Thriller Drama,norman: the moderate rise and tragic fall of a new york fixer,Richard Gere Lior Ashkenazi Michael Sheen Joseph Cedar Comedy Thriller Drama
Jamie Cymbal Ryan Simons,Jimmy Allen,Lindsay Bennett,Chris Blackwood,Horror,seizure,Jimmy Allen Lindsay Bennett Chris Blackwood Jamie Cymbal Ryan Simons Horror
Franck Khalfoun,Bella Thorne,Cameron Monaghan,Jennifer Morrison,Thriller Horror,amityville: the awakening,Bella Thorne Cameron Monaghan Jennifer Morrison Franck Khalfoun Thriller Horror
Sofia Coppola,Colin Farrell,Nicole Kidman,Kirsten Dunst,Drama Western,the beguiled,Colin Farrell Nicole Kidman Kirsten Dunst Sofia Coppola Drama Western
Sierra Pettengill Pacho Velez,Ronald Reagan,Nancy Reagan,Barbara Walters,Documentary,the reagan show,Ronald Reagan Nancy Reagan Barbara Walters Sierra Pettengill Pacho Velez Documentary
Edgar Wright,Ansel Elgort,Lily James,Kevin Spacey,Action Crime,baby driver,Ansel Elgort Lily James Kevin Spacey Edgar Wright Action Crime
Bong Joon-ho,Tilda Swinton,Paul Dano,Ahn Seo-hyun ,Adventure Drama Fantasy Science Fiction,okja,Tilda Swinton Paul Dano Ahn Seo-hyun  Bong Joon-ho Adventure Drama Fantasy Science Fiction
Jay Woelfel,Tim Thomerson,Richard Hatch,Tiffany Shepis,Horror,asylum of darkness,Tim Thomerson Richard Hatch Tiffany Shepis Jay Woelfel Horror
Lucia Aniello,Scarlett Johansson,Jillian Bell,Kate McKinnon,Drama Comedy,rough night,Scarlett Johansson Jillian Bell Kate McKinnon Lucia Aniello Drama Comedy
Sean Foley,Julian Barratt,Simon Farnaby,Essie Davis,Comedy,mindhorn,Julian Barratt Simon Farnaby Essie Davis Sean Foley Comedy
Kevin Macdonald,Richard Madden,Flora Spencer-Longhurst,Moshidi Motshegwa,TV Movie Drama Science Fiction,oasis,Richard Madden Flora Spencer-Longhurst Moshidi Motshegwa Kevin Macdonald TV Movie Drama Science Fiction
Vlad Yudin,Calum Von Moger,Kai Greene,Rich Piana,Documentary,generation iron 2,Calum Von Moger Kai Greene Rich Piana Vlad Yudin Documentary
Amariah Olson Obin Olson,Jonathan Rhys Meyers,Cam Gigandet,Michael Biehn,Science Fiction Action Thriller,the shadow effect,Jonathan Rhys Meyers Cam Gigandet Michael Biehn Amariah Olson Obin Olson Science Fiction Action Thriller
Deven Bhojani,Vidyut Jamwal,Adah Sharma,Freddy Daruwala,Action,commando 2: the black money trail,Vidyut Jamwal Adah Sharma Freddy Daruwala Deven Bhojani Action
Avgousta Zourelidi,Katy Townsend,Debi Derryberry,Cassandra Morris,Family Animation,monster high: electrified,Katy Townsend Debi Derryberry Cassandra Morris Avgousta Zourelidi Family Animation
Geremy Jasper,Danielle Macdonald,Bridget Everett,Siddharth Dhananjay,Drama,patti cake$,Danielle Macdonald Bridget Everett Siddharth Dhananjay Geremy Jasper Drama
Andrey Zvyagintsev,Maryana Spivak,Aleksey Rozin,Matvey Novikov,Drama,loveless,Maryana Spivak Aleksey Rozin Matvey Novikov Andrey Zvyagintsev Drama
Mel Damski,Lacey Chabert,Carlo Marks,Jesse Moss,Romance TV Movie,moonlight in vermont,Lacey Chabert Carlo Marks Jesse Moss Mel Damski Romance TV Movie
Jeff Garlin,Jeff Garlin,Natasha Lyonne,Chris Redd,Comedy,handsome: a netflix mystery movie,Jeff Garlin Natasha Lyonne Chris Redd Jeff Garlin Comedy
Don Argott Sheena M. Joyce,Michael Uslan,Roy Thomas,Marc Tyler Nobleman,Documentary,batman & bill,Michael Uslan Roy Thomas Marc Tyler Nobleman Don Argott Sheena M. Joyce Documentary
Ivan Silvestrini,Katrina Bowden,Jay Hayden,Damon Dayoub,Drama Thriller,monolith,Katrina Bowden Jay Hayden Damon Dayoub Ivan Silvestrini Drama Thriller
Tony E. Valenzuela,Robert Adamson,Alex Frnka,Conchata Ferrell,Horror,the axe murders of villisca,Robert Adamson Alex Frnka Conchata Ferrell Tony E. Valenzuela Horror
Brian Crano,Rebecca Hall,Jason Sudeikis,Dan Stevens,Comedy Romance,permission,Rebecca Hall Jason Sudeikis Dan Stevens Brian Crano Comedy Romance
Arnaud Desplechin,Mathieu Amalric,Marion Cotillard,Charlotte Gainsbourg,Drama Romance Thriller,ismael's ghosts,Mathieu Amalric Marion Cotillard Charlotte Gainsbourg Arnaud Desplechin Drama Romance Thriller
Jonathan Mostow,Sam Worthington,Odeya Rush,Amy Landecker,Action Thriller,the hunter's prayer,Sam Worthington Odeya Rush Amy Landecker Jonathan Mostow Action Thriller
Lucien Jean-Baptiste,Lucien Jean-Baptiste,Aïssa Maïga,Vincent Elbaz,Comedy,he even has your eyes,Lucien Jean-Baptiste Aïssa Maïga Vincent Elbaz Lucien Jean-Baptiste Comedy
Miguel Arteta,Salma Hayek,John Lithgow,Connie Britton,Comedy Drama,beatriz at dinner,Salma Hayek John Lithgow Connie Britton Miguel Arteta Comedy Drama
Dylan Bank Morgan Pehme Daniel DiMauro,Roger Stone,Donald Trump,Paul Manafort,Documentary,get me roger stone,Roger Stone Donald Trump Paul Manafort Dylan Bank Morgan Pehme Daniel DiMauro Documentary
Robert Kirbyson,John Hennigan,Spencer Grammer,Lorenzo Lamas,Action,boone: the bounty hunter,John Hennigan Spencer Grammer Lorenzo Lamas Robert Kirbyson Action
Kyle Balda Pierre Coffin,Steve Carell,Kristen Wiig,Trey Parker,Action Animation Adventure Family Comedy,despicable me 3,Steve Carell Kristen Wiig Trey Parker Kyle Balda Pierre Coffin Action Animation Adventure Family Comedy
Hope Dickson Leach,Ellie Kendrick,David Troughton,Jack Holden,Drama,the levelling,Ellie Kendrick David Troughton Jack Holden Hope Dickson Leach Drama
Alexi Pappas Jeremy Teicher,Alexi Pappas,Chase Offerle,Rebecca Friday,Drama,tracktown,Alexi Pappas Chase Offerle Rebecca Friday Alexi Pappas Jeremy Teicher Drama
Rupert Goold,Tim Pigott-Smith,Charlotte Riley,Oliver Chris,Drama,king charles iii,Tim Pigott-Smith Charlotte Riley Oliver Chris Rupert Goold Drama
Lucas Pavetto,Bill Moseley,Gabriella Wright,John Robinson,Drama Thriller,alcoholist,Bill Moseley Gabriella Wright John Robinson Lucas Pavetto Drama Thriller
Phillip Guzman,Lori Petty,Jesse Bradford,Brea Grant,Horror Thriller,dead awake,Lori Petty Jesse Bradford Brea Grant Phillip Guzman Horror Thriller
Martin Provost,Catherine Frot,Catherine Deneuve,Olivier Gourmet,Comedy Drama,the midwife,Catherine Frot Catherine Deneuve Olivier Gourmet Martin Provost Comedy Drama
Mark Williams,Gerard Butler,Gretchen Mol,Willem Dafoe,Drama,a family man,Gerard Butler Gretchen Mol Willem Dafoe Mark Williams Drama
Barry Levinson,Robert De Niro,Michelle Pfeiffer,Hank Azaria,Crime Drama History TV Movie,the wizard of lies,Robert De Niro Michelle Pfeiffer Hank Azaria Barry Levinson Crime Drama History TV Movie
Hiroyuki Seshita,Takahiro Sakurai,Kana Hanazawa,Sora Amamiya,Action Animation Drama Horror Science Fiction,blame!,Takahiro Sakurai Kana Hanazawa Sora Amamiya Hiroyuki Seshita Action Animation Drama Horror Science Fiction
Peter Malota,Jean-Claude Van Damme,Peter Stormare,María Conchita Alonso,Action,kill 'em all,Jean-Claude Van Damme Peter Stormare María Conchita Alonso Peter Malota Action
Tim Smit,Dan Stevens,Bérénice Marlohe,Charity Wakefield,Science Fiction,kill switch,Dan Stevens Bérénice Marlohe Charity Wakefield Tim Smit Science Fiction
Ana Lily Amirpour,Suki Waterhouse,Jason Momoa,Jayda Fink,Thriller Romance Science Fiction,the bad batch,Suki Waterhouse Jason Momoa Jayda Fink Ana Lily Amirpour Thriller Romance Science Fiction
Sarah Harding,Rowan Atkinson,Lucy Cohu,Shaun Dingwall,TV Movie Crime Mystery Thriller,maigrets night at the crossroads,Rowan Atkinson Lucy Cohu Shaun Dingwall Sarah Harding TV Movie Crime Mystery Thriller
Matt Reeves,Andy Serkis,Woody Harrelson,Steve Zahn,Drama Science Fiction War,war for the planet of the apes,Andy Serkis Woody Harrelson Steve Zahn Matt Reeves Drama Science Fiction War
Xavier Manrique,Shiloh Fernandez,Ashley Benson,Addison Timlin,Drama Comedy,chronically metropolitan,Shiloh Fernandez Ashley Benson Addison Timlin Xavier Manrique Drama Comedy
Luis Prieto,Halle Berry,Sage Correa,Chris McGinn,Drama Thriller,kidnap,Halle Berry Sage Correa Chris McGinn Luis Prieto Drama Thriller
Derek Hui,Takeshi Kaneshiro,Zhou Dongyu,Ming Xi,Comedy Romance,this is not what i expected,Takeshi Kaneshiro Zhou Dongyu Ming Xi Derek Hui Comedy Romance
John Cameron Mitchell,Elle Fanning,Nicole Kidman,Ruth Wilson,Comedy Music Romance Science Fiction,how to talk to girls at parties,Elle Fanning Nicole Kidman Ruth Wilson John Cameron Mitchell Comedy Music Romance Science Fiction
Noah Baumbach,Adam Sandler,Ben Stiller,Dustin Hoffman,Comedy,the meyerowitz stories,Adam Sandler Ben Stiller Dustin Hoffman Noah Baumbach Comedy
David Michôd,Brad Pitt,Anthony Hayes,John Magaro,Comedy Drama War,war machine,Brad Pitt Anthony Hayes John Magaro David Michôd Comedy Drama War
Josh Greenbaum,George Lazenby,Josh Lawson,Kassandra Clementi,Documentary Comedy,becoming bond,George Lazenby Josh Lawson Kassandra Clementi Josh Greenbaum Documentary Comedy
Rama Burshtein,Noa Kooler,Amos Tamam,Oz Zehavi,Comedy Romance,the wedding plan,Noa Kooler Amos Tamam Oz Zehavi Rama Burshtein Comedy Romance
Richard Curtis Mat Whitecross,Hugh Grant,Colin Firth,Liam Neeson,TV Movie Comedy Romance,red nose day actually,Hugh Grant Colin Firth Liam Neeson Richard Curtis Mat Whitecross TV Movie Comedy Romance
Nick Broomfield Rudi Dolezal,Whitney Houston,Bobbi Kristina Brown,Bobby Brown,Music Documentary,whitney: can i be me,Whitney Houston Bobbi Kristina Brown Bobby Brown Nick Broomfield Rudi Dolezal Music Documentary
Luc Besson,Dane DeHaan,Cara Delevingne,Clive Owen,Adventure Science Fiction Action,valerian and the city of a thousand planets,Dane DeHaan Cara Delevingne Clive Owen Luc Besson Adventure Science Fiction Action
Mathieu Ratthe,Alex C. Nachi,Mathieu Ratthe,Victor Andres Turgeon-Trelles,Horror Science Fiction Action,the gracefield incident,Alex C. Nachi Mathieu Ratthe Victor Andres Turgeon-Trelles Mathieu Ratthe Horror Science Fiction Action
Amir Bar-Lev,Jerry Garcia,Bob Weir,Mickey Hart,Music Documentary,long strange trip,Jerry Garcia Bob Weir Mickey Hart Amir Bar-Lev Music Documentary
Michael Barnett,Bill Nye,Jeffrey Kluger,Neil deGrasse Tyson,Documentary,the mars generation,Bill Nye Jeffrey Kluger Neil deGrasse Tyson Michael Barnett Documentary
Gábor Herendi Buda Gulyás,Ervin Nagy,Petrik Andrea,Tibor Gáspár,Romance Adventure Drama History,kincsem,Ervin Nagy Petrik Andrea Tibor Gáspár Gábor Herendi Buda Gulyás Romance Adventure Drama History
André Erkau,Kostja Ullmann,Marleen Lohse,Wotan Wilke Möhring,Comedy,happy burnout,Kostja Ullmann Marleen Lohse Wotan Wilke Möhring André Erkau Comedy
Sergey Ginzburg,Konstantin Kryukov,Михаил Пореченков,Aglaya Shilovskaya,Horror Action Fantasy Thriller,vamps,Konstantin Kryukov Михаил Пореченков Aglaya Shilovskaya Sergey Ginzburg Horror Action Fantasy Thriller
Bob Schultz Robert Conway,Whitney Moore,William 'Bill' Connor,Owen Conway,Drama Horror Thriller,breakdown lane,Whitney Moore William 'Bill' Connor Owen Conway Bob Schultz Robert Conway Drama Horror Thriller
Guillaume Canet,Guillaume Canet,Marion Cotillard,Gilles Lellouche,Comedy Music,rock'n roll,Guillaume Canet Marion Cotillard Gilles Lellouche Guillaume Canet Comedy Music
Brian Goodman,Jonathan Rhys Meyers,Antonio Banderas,Piper Perabo,Thriller,black butterfly,Jonathan Rhys Meyers Antonio Banderas Piper Perabo Brian Goodman Thriller
Patrick O'Dell,Steve Rocco,Jeff Tremaine,Johnny Knoxville,Documentary,dumb: the story of big brother magazine,Steve Rocco Jeff Tremaine Johnny Knoxville Patrick O'Dell Documentary
Emer Reynolds,Frank Drake,John Casani,Lawrence Krauss,Documentary,the farthest,Frank Drake John Casani Lawrence Krauss Emer Reynolds Documentary
Toby Genkel Reza Memari,Tilman Döbler,Cooper Kelly Kramer,Shannon Conley,Adventure Animation,a stork's journey,Tilman Döbler Cooper Kelly Kramer Shannon Conley Toby Genkel Reza Memari Adventure Animation
Nick Hamm,Timothy Spall,Colm Meaney,Freddie Highmore,Drama,the journey,Timothy Spall Colm Meaney Freddie Highmore Nick Hamm Drama
Roger Donaldson,Dwayne Cameron,Mario Andretti,Alastair Caldwell,Documentary,mclaren,Dwayne Cameron Mario Andretti Alastair Caldwell Roger Donaldson Documentary
Blake Freeman,Danny Trejo,Casper Van Dien,Mindy Robinson,Comedy Action Adventure,all about the money,Danny Trejo Casper Van Dien Mindy Robinson Blake Freeman Comedy Action Adventure
Gerard Barrett,Chloë Grace Moretz,Thomas Mann,Richard Armitage,Drama,brain on fire,Chloë Grace Moretz Thomas Mann Richard Armitage Gerard Barrett Drama
Kim Joon-Sung,Go Soo,Sol Kyung-gu,Park Yoo-chun,Science Fiction Thriller,lucid dream,Go Soo Sol Kyung-gu Park Yoo-chun Kim Joon-Sung Science Fiction Thriller
Jason Bourque,Sean Bean,Mary McCormack,Joel David Moore,Thriller,drone,Sean Bean Mary McCormack Joel David Moore Jason Bourque Thriller
Patrik Syversen,Marte Germaine Christensen,Patrick Stewart,Tom Rhys Harries,Adventure,dragonheart: battle for the heartfire,Marte Germaine Christensen Patrick Stewart Tom Rhys Harries Patrik Syversen Adventure
Nicole Jones-Dion,Anna Harr,Mark Grossman,Phyllis Spielman,Adventure Science Fiction,stasis,Anna Harr Mark Grossman Phyllis Spielman Nicole Jones-Dion Adventure Science Fiction
Anita Barbosa,Isis Valverde,Gil Coelho,Joaquim Lopes,Romance,amor.com,Isis Valverde Gil Coelho Joaquim Lopes Anita Barbosa Romance
Frank Lotito,Roni Akurati,Brighton Sharbino,Jason Lee,Comedy Family Drama,growing up smith,Roni Akurati Brighton Sharbino Jason Lee Frank Lotito Comedy Family Drama
Deb Shoval,Lola Kirke,Breeda Wool,Dale Soules,Drama,awol,Lola Kirke Breeda Wool Dale Soules Deb Shoval Drama
Oren Uziel,Rainn Wilson,Benjamin Walker,John Michael Higgins,Thriller Crime Drama Mystery,shimmer lake,Rainn Wilson Benjamin Walker John Michael Higgins Oren Uziel Thriller Crime Drama Mystery
Alan Mak Anthony Pun,Huang Xuan,Duan Yihong,Lang Yueting,Action Crime Thriller,extraordinary mission,Huang Xuan Duan Yihong Lang Yueting Alan Mak Anthony Pun Action Crime Thriller
Tommy Wirkola,Noomi Rapace,Marwan Kenzari,Christian Rubeck,Science Fiction Thriller,what happened to monday,Noomi Rapace Marwan Kenzari Christian Rubeck Tommy Wirkola Science Fiction Thriller
Ben Stassen Jérémie Degruson,Tom Beck,Cinda Adams,Bob Barlen,Animation Comedy,the son of bigfoot,Tom Beck Cinda Adams Bob Barlen Ben Stassen Jérémie Degruson Animation Comedy
Kentaro Hagiwara,Masataka Kubota,Yu Aoi,Fumika Shimizu,Action Drama Horror Thriller,tokyo ghoul,Masataka Kubota Yu Aoi Fumika Shimizu Kentaro Hagiwara Action Drama Horror Thriller
Ildikó Enyedi,Alexandra Borbély,Morcsányi Géza,Zoltán Schneider,Drama Romance,on body and soul,Alexandra Borbély Morcsányi Géza Zoltán Schneider Ildikó Enyedi Drama Romance
David Leitch,Charlize Theron,James McAvoy,Sofia Boutella,Action Thriller,atomic blonde,Charlize Theron James McAvoy Sofia Boutella David Leitch Action Thriller
Gordon Chan,Vincent Zhao,Sammo Hung,Regina Wan,Action History,god of war,Vincent Zhao Sammo Hung Regina Wan Gordon Chan Action History
Tommy Stovall,James Martinez,Trevor Sterling Stovall,Michael Chieffo,Drama Horror Mystery Thriller,aaron's blood,James Martinez Trevor Sterling Stovall Michael Chieffo Tommy Stovall Drama Horror Mystery Thriller
Kim Tae-yoon,Jung Woo,Kang Ha-Neul,Kim Hae-sook,Drama,new trial,Jung Woo Kang Ha-Neul Kim Hae-sook Kim Tae-yoon Drama
David Leveaux,Lily James,Jai Courtney,Eddie Marsan,Drama,the exception,Lily James Jai Courtney Eddie Marsan David Leveaux Drama
Jay Baruchel,Seann William Scott,Alison Pill,Marc-André Grondin,Comedy,goon: last of the enforcers,Seann William Scott Alison Pill Marc-André Grondin Jay Baruchel Comedy
Christopher Nolan,Fionn Whitehead,Tom Glynn-Carney,Jack Lowden,Action Drama History Thriller War,dunkirk,Fionn Whitehead Tom Glynn-Carney Jack Lowden Christopher Nolan Action Drama History Thriller War
Bharathan,Vijay,Keerthi Suresh,Jagapati Babu,Action,bairavaa,Vijay Keerthi Suresh Jagapati Babu Bharathan Action
Alberto G. Rodriguez,Eric Roberts,Leila Almas,Jaime Zevallos,Thriller Drama Mystery,the summoning,Eric Roberts Leila Almas Jaime Zevallos Alberto G. Rodriguez Thriller Drama Mystery
Mark Cullen,Bruce Willis,Jason Momoa,John Goodman,Action Comedy Thriller,once upon a time in venice,Bruce Willis Jason Momoa John Goodman Mark Cullen Action Comedy Thriller
Carlo Guillermo Proto,Denis Harting,Peggy Roux,Lauviah Harting,Documentary,resurrecting hassan,Denis Harting Peggy Roux Lauviah Harting Carlo Guillermo Proto Documentary
Bonni Cohen Jon Shenk,Al Gore,Barack Obama,Donald Trump,Documentary,an inconvenient sequel: truth to power,Al Gore Barack Obama Donald Trump Bonni Cohen Jon Shenk Documentary
Neill Blomkamp,Sigourney Weaver,Eugene Khumbanyiwa,Robert Hobbs,Action Science Fiction,rakka,Sigourney Weaver Eugene Khumbanyiwa Robert Hobbs Neill Blomkamp Action Science Fiction
Thomas Q. Napper,Johnny Harris,Ian McShane,Ray Winstone,Action Drama,jawbone,Johnny Harris Ian McShane Ray Winstone Thomas Q. Napper Action Drama
Sung-hoon Kim,Hyun Bin,Yoo Hae-jin,Kim Joo-hyuk,Action Drama Comedy,confidential assignment,Hyun Bin Yoo Hae-jin Kim Joo-hyuk Sung-hoon Kim Action Drama Comedy
Alex Merkin,Dolph Lundgren,Denise Richards,Greer Grammer,Action Thriller,altitude,Dolph Lundgren Denise Richards Greer Grammer Alex Merkin Action Thriller
David Firth,David Firth,Carla Simpson,Christian Webb,Animation Comedy Science Fiction,cream,David Firth Carla Simpson Christian Webb David Firth Animation Comedy Science Fiction
Hatem Khraiche,Clara Lago,Belén Rueda,Álex González,Drama Science Fiction Romance,orbiter 9,Clara Lago Belén Rueda Álex González Hatem Khraiche Drama Science Fiction Romance
John Scheinfeld,Denzel Washington,Common,Bill Clinton,Documentary,chasing trane,Denzel Washington Common Bill Clinton John Scheinfeld Documentary
Steve James,Neil Barofsky,Ti-Hua Chang,Jiayang Fan,Documentary,abacus: small enough to jail,Neil Barofsky Ti-Hua Chang Jiayang Fan Steve James Documentary
Michael Bay,Mark Wahlberg,Josh Duhamel,Laura Haddock,Action Science Fiction Thriller Adventure,transformers: the last knight,Mark Wahlberg Josh Duhamel Laura Haddock Michael Bay Action Science Fiction Thriller Adventure
Jonathan Teplitzky,Brian Cox,Miranda Richardson,John Slattery,Drama Thriller War,churchill,Brian Cox Miranda Richardson John Slattery Jonathan Teplitzky Drama Thriller War
Kabir Khan,Salman Khan,Zhu Zhu,Sohail Khan,Drama History War,tubelight,Salman Khan Zhu Zhu Sohail Khan Kabir Khan Drama History War
Ronnie Thompson,Matthew Goode,Joely Richardson,Larry Lamb,Crime,the hatton garden job,Matthew Goode Joely Richardson Larry Lamb Ronnie Thompson Crime
Joel Hopkins,Diane Keaton,Brendan Gleeson,James Norton,Romance Comedy,hampstead,Diane Keaton Brendan Gleeson James Norton Joel Hopkins Romance Comedy
Minhal Baig,Kyle Allen,Isabelle Fuhrman,Justin Chatwin,Drama Romance,1 night,Kyle Allen Isabelle Fuhrman Justin Chatwin Minhal Baig Drama Romance
Michael John Warren Alex Timbers,Nick Kroll,John Mulaney,Steve Martin,Comedy,"oh, hello: on broadway",Nick Kroll John Mulaney Steve Martin Michael John Warren Alex Timbers Comedy
Douglas Barr,Courtney Thorne-Smith,James Tupper,Adam DiMarco,Mystery,site unseen: an emma fielding mystery,Courtney Thorne-Smith James Tupper Adam DiMarco Douglas Barr Mystery
Phil Guidry Simon Herbert David Whelan,Monica Davis,Edward L. Green,Patrick Pedraza,Horror Mystery,savageland,Monica Davis Edward L. Green Patrick Pedraza Phil Guidry Simon Herbert David Whelan Horror Mystery
Léa Mysius,Noée Abita,Laure Calamy,Juan Cano,Drama,ava,Noée Abita Laure Calamy Juan Cano Léa Mysius Drama
Brent Bonacorso,Bella Thorne,Halston Sage,Taylor John Smith,Thriller Romance Drama,you get me,Bella Thorne Halston Sage Taylor John Smith Brent Bonacorso Thriller Romance Drama
John Shea,Eric Dane,Natalie Zea,Amy Madigan,Thriller,grey lady,Eric Dane Natalie Zea Amy Madigan John Shea Thriller
Joshua Safdie Ben Safdie,Robert Pattinson,Jennifer Jason Leigh,Ben Safdie,Drama Thriller Crime,good time,Robert Pattinson Jennifer Jason Leigh Ben Safdie Joshua Safdie Ben Safdie Drama Thriller Crime
Jason Flemyng,Charlie Cox,Tony Curran,Mackenzie Crook,Action Comedy Horror,eat locals,Charlie Cox Tony Curran Mackenzie Crook Jason Flemyng Action Comedy Horror
Marc Waltman,Sanne Langelaar,Fockeline Ouwerkerk,Imanuelle Grives,Romance Drama,tuintje in mijn hart,Sanne Langelaar Fockeline Ouwerkerk Imanuelle Grives Marc Waltman Romance Drama
Víctor García León,Santiago Alverú,Pepe Ocio,Alicia Rubio,Comedy,selfie,Santiago Alverú Pepe Ocio Alicia Rubio Víctor García León Comedy
Han Han,Eddie Peng,Deng Chao,Zhao Liying,Comedy Drama,duckweed,Eddie Peng Deng Chao Zhao Liying Han Han Comedy Drama
K. V. Anand,Vijay Sethupathi,Madonna Sebastian,T. Rajendar,Thriller Drama,kavan,Vijay Sethupathi Madonna Sebastian T. Rajendar K. V. Anand Thriller Drama
Andrew J. Cohen,Amy Poehler,Will Ferrell,Allison Tolman,Comedy,the house,Amy Poehler Will Ferrell Allison Tolman Andrew J. Cohen Comedy
Laurent Bouzereau,Guillermo del Toro,Steven Spielberg,Paul Greengrass,War Documentary,five came back,Guillermo del Toro Steven Spielberg Paul Greengrass Laurent Bouzereau War Documentary
Bailey Kobe,Julie McNiven,Shaun Sipos,Jessica Camacho,Romance Action Adventure Comedy Drama,the babymoon,Julie McNiven Shaun Sipos Jessica Camacho Bailey Kobe Romance Action Adventure Comedy Drama
Greg Barker,Jason Amerine,George W. Bush,Mark Nutsch,Documentary,legion of brothers,Jason Amerine George W. Bush Mark Nutsch Greg Barker Documentary
Carla Simón,Laia Artigas,Bruna Cusí,David Verdaguer,Drama Family,summer 1993,Laia Artigas Bruna Cusí David Verdaguer Carla Simón Drama Family
Volker Schlöndorff,Stellan Skarsgård,Nina Hoss,Bronagh Gallagher,Drama,return to montauk,Stellan Skarsgård Nina Hoss Bronagh Gallagher Volker Schlöndorff Drama
Philippe Falardeau,Liev Schreiber,Naomi Watts,Elisabeth Moss,Drama,chuck,Liev Schreiber Naomi Watts Elisabeth Moss Philippe Falardeau Drama
Paul Currie,Michiel Huisman,Teresa Palmer,Sam Reid,Drama Thriller,2:22,Michiel Huisman Teresa Palmer Sam Reid Paul Currie Drama Thriller
Christian Duguay,Dorian Le Clech,Batyste Fleurial,Patrick Bruel,Drama,a bag of marbles,Dorian Le Clech Batyste Fleurial Patrick Bruel Christian Duguay Drama
Brad Epstein,Alex Meneses,Faizon Love,Russell Peters,Comedy,ripped,Alex Meneses Faizon Love Russell Peters Brad Epstein Comedy
Neill Blomkamp,Steve Boyle,Nic Rhind,Robert Hobbs,Action Science Fiction War,firebase,Steve Boyle Nic Rhind Robert Hobbs Neill Blomkamp Action Science Fiction War
Jeff Orlowski,Andrew Ackerman,Pim Bongaerts,Neal Cantin,Documentary,chasing coral,Andrew Ackerman Pim Bongaerts Neal Cantin Jeff Orlowski Documentary
Alexandre O. Philippe,Guillermo del Toro,Peter Bogdanovich,Karyn Kusama,Documentary,78/52,Guillermo del Toro Peter Bogdanovich Karyn Kusama Alexandre O. Philippe Documentary
Kip Andersen Keegan Kuhn,Kip Andersen,Larry Baldwin,Neal Barnard,Documentary,what the health,Kip Andersen Larry Baldwin Neal Barnard Kip Andersen Keegan Kuhn Documentary
Joe Miale,Lee Pace,Bérénice Marlohe,Jason Flemyng,Science Fiction,revolt,Lee Pace Bérénice Marlohe Jason Flemyng Joe Miale Science Fiction
Timothy Woodward Jr.,Luke Hemsworth,Trace Adkins,Bruce Dern,Western,hickok,Luke Hemsworth Trace Adkins Bruce Dern Timothy Woodward Jr. Western
Joshua Tunick,Anthony Rapp,Alona Tal,Alyson Hannigan,Drama,do you take this man,Anthony Rapp Alona Tal Alyson Hannigan Joshua Tunick Drama
Nikolaj Arcel,Idris Elba,Matthew McConaughey,Tom Taylor,Action Western Science Fiction Fantasy Horror,the dark tower,Idris Elba Matthew McConaughey Tom Taylor Nikolaj Arcel Action Western Science Fiction Fantasy Horror
300ml,Selton Mello,Ralph Ineson,Seu Jorge,Drama,soundtrack,Selton Mello Ralph Ineson Seu Jorge 300ml Drama
Mohammad Hossein Mahdavian,Mehrdad Sedighian,Babak Hamidian,Javad Ezati,Action Crime History,midday event,Mehrdad Sedighian Babak Hamidian Javad Ezati Mohammad Hossein Mahdavian Action Crime History
Jonathan Baker,Nicolas Cage,Gina Gershon,Nicky Whelan,Thriller Drama,inconceivable,Nicolas Cage Gina Gershon Nicky Whelan Jonathan Baker Thriller Drama
Alain Desrochers,Patrick Huard,Colm Feore,Erik Knudsen,Crime Comedy Action,bon cop bad cop 2,Patrick Huard Colm Feore Erik Knudsen Alain Desrochers Crime Comedy Action
Alain Desrochers,Antonio Banderas,Ben Kingsley,Liam McIntyre,Action,security,Antonio Banderas Ben Kingsley Liam McIntyre Alain Desrochers Action
Antonio Negret,Scott Eastwood,Freddie Thorp,Ana de Armas,Thriller Action,overdrive,Scott Eastwood Freddie Thorp Ana de Armas Antonio Negret Thriller Action
Dan Harris,Liam James,Sarah Steele,Austin P. McKenzie,Comedy Drama,speech & debate,Liam James Sarah Steele Austin P. McKenzie Dan Harris Comedy Drama
Jake Szymanski,Orlando Bloom,Andy Samberg,John Cena,Comedy TV Movie,tour de pharmacy,Orlando Bloom Andy Samberg John Cena Jake Szymanski Comedy TV Movie
Wayne Blair,Abigail Breslin,Colt Prattes,Sarah Hyland,Music Drama Romance TV Movie,dirty dancing,Abigail Breslin Colt Prattes Sarah Hyland Wayne Blair Music Drama Romance TV Movie
Clay Staub,Milo Ventimiglia,Bridget Regan,Amanda Schull,Science Fiction Thriller,devil's gate,Milo Ventimiglia Bridget Regan Amanda Schull Clay Staub Science Fiction Thriller
Molly Smith Maurice Smith,Karolina Antosik,Amelie Leroy,Tessa McGinn,Fantasy Drama,abduction,Karolina Antosik Amelie Leroy Tessa McGinn Molly Smith Maurice Smith Fantasy Drama
Vanessa Gould,William McDonald,Bruce Weber,Margalit Fox,Documentary,obit,William McDonald Bruce Weber Margalit Fox Vanessa Gould Documentary
Craig Thompson,William Shatner,Neil deGrasse Tyson,Chris Hadfield,Documentary,the truth is in the stars,William Shatner Neil deGrasse Tyson Chris Hadfield Craig Thompson Documentary
Anthony Leondis,T.J. Miller,James Corden,Anna Faris,Comedy Family Animation,the emoji movie,T.J. Miller James Corden Anna Faris Anthony Leondis Comedy Family Animation
Abel Vang Burlee Vang,Saxon Sharbino,Bonnie Morgan,Brandon Soo Hoo,Horror Thriller,bedeviled,Saxon Sharbino Bonnie Morgan Brandon Soo Hoo Abel Vang Burlee Vang Horror Thriller
Ernie Barbarash,Adam Rayner,Eliza Dushku,Ian Ogilvy,Action Adventure Crime,the saint,Adam Rayner Eliza Dushku Ian Ogilvy Ernie Barbarash Action Adventure Crime
Riccardo Milani,Paola Cortellesi,Antonio Albanese,Carlo Buccirosso,Comedy,mom or dad?,Paola Cortellesi Antonio Albanese Carlo Buccirosso Riccardo Milani Comedy
John Jencks,Roger Allam,Matthew Modine,Tim McInnerny,Comedy,the hippopotamus,Roger Allam Matthew Modine Tim McInnerny John Jencks Comedy
Taylor Sheridan,Jeremy Renner,Elizabeth Olsen,Gil Birmingham,Action Crime Mystery Thriller,wind river,Jeremy Renner Elizabeth Olsen Gil Birmingham Taylor Sheridan Action Crime Mystery Thriller
Tarik Saleh,Fares Fares,Mari Malek,Mohamed Yousry,Thriller Drama,the nile hilton incident,Fares Fares Mari Malek Mohamed Yousry Tarik Saleh Thriller Drama
Roman Volobuev,Svetlana Ustinova,Anna Chipovskaya,Yevgeni Tsyganov,Comedy Crime,blockbuster,Svetlana Ustinova Anna Chipovskaya Yevgeni Tsyganov Roman Volobuev Comedy Crime
Ric Roman Waugh,Nikolaj Coster-Waldau,Jon Bernthal,Lake Bell,Drama Crime Thriller,shot caller,Nikolaj Coster-Waldau Jon Bernthal Lake Bell Ric Roman Waugh Drama Crime Thriller
Tony Giglio,Adrianne Palicki,Michael Jai White,Ty Olsson,Action Crime Thriller,s.w.a.t.: under siege,Adrianne Palicki Michael Jai White Ty Olsson Tony Giglio Action Crime Thriller
Manuk Depoyan,Arsen Shavlyuk,Vasyl Virastyuk,Ruslana Pysanka,Family Comedy Animation Fantasy Adventure,the dragon spell,Arsen Shavlyuk Vasyl Virastyuk Ruslana Pysanka Manuk Depoyan Family Comedy Animation Fantasy Adventure
John R. Leonetti,Joey King,Ryan Phillippe,Sherilyn Fenn,Fantasy Horror Thriller,wish upon,Joey King Ryan Phillippe Sherilyn Fenn John R. Leonetti Fantasy Horror Thriller
Malcolm D. Lee,Regina Hall,Queen Latifah,Jada Pinkett Smith,Comedy,girls trip,Regina Hall Queen Latifah Jada Pinkett Smith Malcolm D. Lee Comedy
Gillian Robespierre,Jenny Slate,Edie Falco,Abby Quinn,Comedy,landline,Jenny Slate Edie Falco Abby Quinn Gillian Robespierre Comedy
Kathryn Bigelow,John Boyega,Will Poulter,Algee Smith,Thriller Crime Drama History,detroit,John Boyega Will Poulter Algee Smith Kathryn Bigelow Thriller Crime Drama History
Kogonada,John Cho,Haley Lu Richardson,Parker Posey,Drama,columbus,John Cho Haley Lu Richardson Parker Posey Kogonada Drama
Heber Cannon Marston Sawyers Ian Wittenber Mariah Moore,Matt Fraser,Ben Smith,Sara Sigmundsdottir,Documentary,fittest on earth: a decade of fitness,Matt Fraser Ben Smith Sara Sigmundsdottir Heber Cannon Marston Sawyers Ian Wittenber Mariah Moore Documentary
Emilis Velyvis,Inga Jankauskaitė,Mindaugas Papinigis,Ramūnas Rudokas,Thriller,zero 3,Inga Jankauskaitė Mindaugas Papinigis Ramūnas Rudokas Emilis Velyvis Thriller
Tommy Bertelsen,Troian Bellisario,Tom Felton,Ben Winchell,Drama,feed,Troian Bellisario Tom Felton Ben Winchell Tommy Bertelsen Drama
Ibai Abad,Lewis Rainer,Joséphine Berry,Charlotte Atkinson,Drama Music Romance,the girl from the song,Lewis Rainer Joséphine Berry Charlotte Atkinson Ibai Abad Drama Music Romance
Julian Radlmaier,Julian Radlmaier,Deragh Campbell,Beniamin Forthi,Comedy,self-criticism of a bourgeois dog,Julian Radlmaier Deragh Campbell Beniamin Forthi Julian Radlmaier Comedy
Pierre Coré,Omar Sy,Louane Emera,Franck Gastambide,Adventure Animation Comedy Family,sahara,Omar Sy Louane Emera Franck Gastambide Pierre Coré Adventure Animation Comedy Family
François Ozon,Marine Vacth,Jérémie Renier,Jacqueline Bisset,Thriller,the double lover,Marine Vacth Jérémie Renier Jacqueline Bisset François Ozon Thriller
Steven C. Miller,Bruce Willis,Hayden Christensen,Gethin Anthony,Action Thriller,first kill,Bruce Willis Hayden Christensen Gethin Anthony Steven C. Miller Action Thriller
T.J. Martin Daniel Lindsay,Rodney King,Tom Brokaw,George H. W. Bush,Documentary,la 92,Rodney King Tom Brokaw George H. W. Bush T.J. Martin Daniel Lindsay Documentary
Kenny Ortega,Dove Cameron,Sofia Carson,Cameron Boyce,TV Movie Family Action Comedy Music Adventure,descendants 2,Dove Cameron Sofia Carson Cameron Boyce Kenny Ortega TV Movie Family Action Comedy Music Adventure
Maria Sadowska,Magdalena Boczarska,Piotr Adamczyk,Justyna Wasilewska,Drama,the art of loving. story of michalina wislocka,Magdalena Boczarska Piotr Adamczyk Justyna Wasilewska Maria Sadowska Drama
Sam Garbarski,Anatole Taubman,Moritz Bleibtreu,Joel Basman,Comedy Drama War,bye bye germany,Anatole Taubman Moritz Bleibtreu Joel Basman Sam Garbarski Comedy Drama War
Timothy Woodward Jr.,Kaiwi Lyman,Bruce Dern,Denise Richards,Crime Drama Thriller,american violence,Kaiwi Lyman Bruce Dern Denise Richards Timothy Woodward Jr. Crime Drama Thriller
Philippe de Chauveron,Christian Clavier,Ary Abittan,Elsa Zylberstein,Comedy,with open arms,Christian Clavier Ary Abittan Elsa Zylberstein Philippe de Chauveron Comedy
Thomas Kruithof,François Cluzet,Denis Podalydès,Sami Bouajila,Thriller,scribe,François Cluzet Denis Podalydès Sami Bouajila Thomas Kruithof Thriller
Todd Grimes,Grey Griffin,Tara Strong,Anais Fairweather,Animation,lego dc super hero girls: brain drain,Grey Griffin Tara Strong Anais Fairweather Todd Grimes Animation
Pat Healy,Taylor Schilling,Pat Healy,Alycia Delmore,Comedy Crime,take me,Taylor Schilling Pat Healy Alycia Delmore Pat Healy Comedy Crime
Anshai Lal,Anushka Sharma,Diljit Dosanjh,Suraj Sharma,Fantasy Comedy Romance Drama,phillauri,Anushka Sharma Diljit Dosanjh Suraj Sharma Anshai Lal Fantasy Comedy Romance Drama
Jim Strouse,Jessica Williams,Chris O'Dowd,Keith Stanfield,Romance Comedy,the incredible jessica james,Jessica Williams Chris O'Dowd Keith Stanfield Jim Strouse Romance Comedy
Farhad Mann,Adelaide Kane,Benjamin Hollingsworth,Jean Louisa Kelly,Romance,can't buy my love,Adelaide Kane Benjamin Hollingsworth Jean Louisa Kelly Farhad Mann Romance
Hannaleena Hauru,Inka Haapamäki,Rosa Honkonen,Tiitus Rantala,Romance Comedy,thick lashes of lauri mäntyvaara,Inka Haapamäki Rosa Honkonen Tiitus Rantala Hannaleena Hauru Romance Comedy
Jonathan A. Rosenbaum,Lou Diamond Phillips,Wallace Shawn,Gina Holden,Crime Comedy Action Family,cop and a half: new recruit,Lou Diamond Phillips Wallace Shawn Gina Holden Jonathan A. Rosenbaum Crime Comedy Action Family
Ravi Udyawar,Sridevi Kapoor,Sajal Ali,Akshaye Khanna,Crime Drama Thriller,mom,Sridevi Kapoor Sajal Ali Akshaye Khanna Ravi Udyawar Crime Drama Thriller
Adam Robitel,Lin Shaye,Angus Sampson,Leigh Whannell,Horror Thriller,insidious: the last key,Lin Shaye Angus Sampson Leigh Whannell Adam Robitel Horror Thriller
Christopher Radcliff (director/screenplay); Lauren Wolkstein,Lauren Wolkstein (director); Alex Pettyfer,James Freedson-Jackson,Emily Althaus,Drama Mystery,the strange ones,Lauren Wolkstein (director); Alex Pettyfer James Freedson-Jackson Emily Althaus Christopher Radcliff (director/screenplay); Lauren Wolkstein Drama Mystery
Jaume Collet-Serra,Liam Neeson,Philip de Blasi,Patrick Wilson,Action Thriller Mystery,the commuter,Liam Neeson Philip de Blasi Patrick Wilson Jaume Collet-Serra Action Thriller Mystery
Babak Najafi,Taraji P. Henson,Christian Swegal,Billy Brown,Thriller Action Crime,proud mary,Taraji P. Henson Christian Swegal Billy Brown Babak Najafi Thriller Action Crime
Brett Donowho,Bruce Willis,Cole Hauser,Shawn Ashmore,Action Crime Thriller,acts of violence,Bruce Willis Cole Hauser Shawn Ashmore Brett Donowho Action Crime Thriller
Trudie Styler,Alex Lawther,Beth Rigazio (screenplay); Alex Lawther,AnnaSophia Robb,Comedy Drama,freak show,Alex Lawther Beth Rigazio (screenplay); Alex Lawther AnnaSophia Robb Trudie Styler Comedy Drama
Sam Hoffman,Jemaine Clement,Elliott Gould,Ingrid Michaelson,Comedy,humor me,Jemaine Clement Elliott Gould Ingrid Michaelson Sam Hoffman Comedy
Nicolai Fuglsig,Chris Hemsworth,Peter Craig (screenplay); Chris Hemsworth,Michael Peña,War Drama Action History,12 strong,Chris Hemsworth Peter Craig (screenplay); Chris Hemsworth Michael Peña Nicolai Fuglsig War Drama Action History
Christian Gudegast,Gerard Butler,Pablo Schreiber,O'Shea Jackson Jr.,Crime Thriller Action,den of thieves,Gerard Butler Pablo Schreiber O'Shea Jackson Jr. Christian Gudegast Crime Thriller Action
Bethany Ashton Wolf,Alex Roe,Jessica Rothe,John Benjamin Hickey,Romance Drama,forever my girl,Alex Roe Jessica Rothe John Benjamin Hickey Bethany Ashton Wolf Romance Drama
Jesse Keller,Carr Cavender,Molly Beucher,Connor Sullivan,Drama Thriller,thane of east county,Carr Cavender Molly Beucher Connor Sullivan Jesse Keller Drama Thriller
Wes Ball,Dylan O'Brien,Kaya Scodelario,Thomas Brodie-Sangster,Science Fiction Action Adventure Thriller,maze runner: the death cure,Dylan O'Brien Kaya Scodelario Thomas Brodie-Sangster Wes Ball Science Fiction Action Adventure Thriller
Ben Lewin,Dakota Fanning,Toni Collette,Alice Eve,Comedy Drama,please stand by,Dakota Fanning Toni Collette Alice Eve Ben Lewin Comedy Drama
The Spierig Brothers,Helen Mirren,Jason Clarke,Sarah Snook,Horror Thriller,winchester,Helen Mirren Jason Clarke Sarah Snook The Spierig Brothers Horror Thriller
Sebastián Lelio,Daniela Vega,Francisco Reyes Morandé,unknown,Drama,a fantastic woman,Daniela Vega Francisco Reyes Morandé unknown Sebastián Lelio Drama
Mario Van Peebles,Mario Van Peebles,Ryan Guzman,Columbus Short,Action Comedy Crime,armed,Mario Van Peebles Ryan Guzman Columbus Short Mario Van Peebles Action Comedy Crime
Julius Onah,Gugu Mbatha-Raw,Elizabeth Debicki,Aksel Hennie,Horror Mystery Science Fiction,the cloverfield paradox,Gugu Mbatha-Raw Elizabeth Debicki Aksel Hennie Julius Onah Horror Mystery Science Fiction
Bryan Coyne,Brea Grant,Graham Skipper,Aly Fitzgerald,Comedy Thriller,bad apples,Brea Grant Graham Skipper Aly Fitzgerald Bryan Coyne Comedy Thriller
Will Gluck,Rose Byrne,Domhnall Gleeson,Sam Neill,Animation Adventure Family,peter rabbit,Rose Byrne Domhnall Gleeson Sam Neill Will Gluck Animation Adventure Family
R. Balki,Akshay Kumar,Radhika Apte,unknown,Comedy Drama,pad man,Akshay Kumar Radhika Apte unknown R. Balki Comedy Drama
James Foley,Dakota Johnson,Jamie Dornan,Eric Johnson,Drama Romance,fifty shades freed,Dakota Johnson Jamie Dornan Eric Johnson James Foley Drama Romance
Clint Eastwood,Anthony Sadler,Alek Skarlatos,Spencer Stone,Drama Thriller,the 15:17 to paris,Anthony Sadler Alek Skarlatos Spencer Stone Clint Eastwood Drama Thriller
Brian Crano,Rebecca Hall,Dan Stevens,Gina Gershon,Comedy Romance Drama,permission,Rebecca Hall Dan Stevens Gina Gershon Brian Crano Comedy Romance Drama
Alex Ross Perry,Emily Browning,Adam Horowitz,Mary-Louise Parker,Drama,golden exits,Emily Browning Adam Horowitz Mary-Louise Parker Alex Ross Perry Drama
"Ryan Coogler (director/​screenplay); Joe Robert Cole (screenplay); Chadwick Boseman, Michael B. Jordan, Lupita Nyong'o, Danai Gurira, Martin Freeman, Daniel Kaluuya, Letitia Wright, Winston Duke, Sterling K. Brown, Angela Bassett, Forest Whitaker, Andy Serkis",Chadwick Boseman,Michael B. Jordan,Lupita Nyong'o,Action Adventure Science Fiction,black panther,"Chadwick Boseman Michael B. Jordan Lupita Nyong'o Ryan Coogler (director/​screenplay); Joe Robert Cole (screenplay); Chadwick Boseman, Michael B. Jordan, Lupita Nyong'o, Danai Gurira, Martin Freeman, Daniel Kaluuya, Letitia Wright, Winston Duke, Sterling K. Brown, Angela Bassett, Forest Whitaker, Andy Serkis Action Adventure Science Fiction"
Tim Hunter,Tim Hunter (director); Nicolas Cage,Robin Tunney,unknown,Adventure Family Fantasy,looking glass,Tim Hunter (director); Nicolas Cage Robin Tunney unknown Tim Hunter Adventure Family Fantasy
Mark Pellington,Jon Hamm,Catherine Keener,John Ortiz,Drama Romance,nostalgia,Jon Hamm Catherine Keener John Ortiz Mark Pellington Drama Romance
Bruce Macdonald,Taylor James,Zach Smith,Billy Zane,Action Drama Adventure,samson,Taylor James Zach Smith Billy Zane Bruce Macdonald Action Drama Adventure
"John Francis Daley, Jonathan Goldstein",Jason Bateman,Jonathan Goldstein (directors); Mark Perez (screenplay); Jason Bateman,Billy Magnussen,Mystery Comedy Crime,game night,"Jason Bateman Jonathan Goldstein (directors); Mark Perez (screenplay); Jason Bateman Billy Magnussen John Francis Daley, Jonathan Goldstein Mystery Comedy Crime"
Alex Garland,Natalie Portman,Jennifer Jason Leigh,Gina Rodriguez,Science Fiction Horror,annihilation,Natalie Portman Jennifer Jason Leigh Gina Rodriguez Alex Garland Science Fiction Horror
Michael Sucsy,Angourie Rice,Justice Smith,Debby Ryan,Romance Fantasy,every day,Angourie Rice Justice Smith Debby Ryan Michael Sucsy Romance Fantasy
David Freyne,Elliot Page,Sam Keeley,Tom Vaughan-Lawlor,Horror Drama Science Fiction,the cured,Elliot Page Sam Keeley Tom Vaughan-Lawlor David Freyne Horror Drama Science Fiction
Francis Lawrence,Jennifer Lawrence,Joel Edgerton,Matthias Schoenaerts,Thriller Mystery,red sparrow,Jennifer Lawrence Joel Edgerton Matthias Schoenaerts Francis Lawrence Thriller Mystery
Eli Roth,Bruce Willis,Vincent D'Onofrio,Elisabeth Shue,Action Crime Thriller Drama,death wish,Bruce Willis Vincent D'Onofrio Elisabeth Shue Eli Roth Action Crime Thriller Drama
Shawn Christensen,Logan Lerman,Elle Fanning,Michelle Monaghan,Drama Mystery Romance,the vanishing of sidney hall,Logan Lerman Elle Fanning Michelle Monaghan Shawn Christensen Drama Mystery Romance
Usher Morgan,Elyse Price,Katie Vincent,Joel Bernard,Thriller Action Crime Drama Mystery,pickings,Elyse Price Katie Vincent Joel Bernard Usher Morgan Thriller Action Crime Drama Mystery
Ava DuVernay,Storm Reid,Jeff Stockwell (screenplay); Storm Reid,Reese Witherspoon,Adventure Science Fiction Family Fantasy,a wrinkle in time,Storm Reid Jeff Stockwell (screenplay); Storm Reid Reese Witherspoon Ava DuVernay Adventure Science Fiction Family Fantasy
Nash Edgerton,David Oyelowo,Anthony Tambakis (screenplay); David Oyelowo,Joel Edgerton,Comedy Action Crime,gringo,David Oyelowo Anthony Tambakis (screenplay); David Oyelowo Joel Edgerton Nash Edgerton Comedy Action Crime
Cory Finley,Olivia Cooke,Anya Taylor-Joy,Anton Yelchin,Drama Thriller,thoroughbreds,Olivia Cooke Anya Taylor-Joy Anton Yelchin Cory Finley Drama Thriller
Johannes Roberts,Christina Hendricks,Ben Ketai (screenplay); Christina Hendricks,Bailee Madison,Horror Thriller,the strangers: prey at night,Christina Hendricks Ben Ketai (screenplay); Christina Hendricks Bailee Madison Johannes Roberts Horror Thriller
Rob Cohen,Toby Kebbell,Jeff Dixon (screenplay); Toby Kebbell,Ryan Kwanten,Action Adventure Crime Thriller,the hurricane heist,Toby Kebbell Jeff Dixon (screenplay); Toby Kebbell Ryan Kwanten Rob Cohen Action Adventure Crime Thriller
Roar Uthaug,Alicia Vikander,Alastair Siddons (screenplay); Alicia Vikander,Walton Goggins,Action Adventure Fantasy,tomb raider,Alicia Vikander Alastair Siddons (screenplay); Alicia Vikander Walton Goggins Roar Uthaug Action Adventure Fantasy
Greg Berlanti,Nick Robinson,Elizabeth Berger (screenplay); Nick Robinson,Jennifer Garner,Comedy Drama Romance,"love, simon",Nick Robinson Elizabeth Berger (screenplay); Nick Robinson Jennifer Garner Greg Berlanti Comedy Drama Romance
Erwin brothers,J. Michael Finley,Brent McCorkle (screenplay); J. Michael Finley,Trace Adkins,Music Drama,i can only imagine,J. Michael Finley Brent McCorkle (screenplay); J. Michael Finley Trace Adkins Erwin brothers Music Drama
José Padilha,Rosamund Pike,Daniel Brühl,Eddie Marsan,Thriller Drama Crime,entebbe,Rosamund Pike Daniel Brühl Eddie Marsan José Padilha Thriller Drama Crime
Laurie Collyer,Tessa Thompson,Melissa Leo,Whoopi Goldberg,Drama,furlough,Tessa Thompson Melissa Leo Whoopi Goldberg Laurie Collyer Drama
Eric England,Sophie Turner,Anthony Ragnone II (screenplay); Sophie Turner,Jack Kilmer,Thriller Drama,josie,Sophie Turner Anthony Ragnone II (screenplay); Sophie Turner Jack Kilmer Eric England Thriller Drama
Max Winkler,Zoey Deutch,Matt Spicer (screenplay); Zoey Deutch,Tim Heidecker,Crime History Drama,flower,Zoey Deutch Matt Spicer (screenplay); Zoey Deutch Tim Heidecker Max Winkler Crime History Drama
Steven S. DeKnight,John Boyega,Kira Snyder,Jing Tian,Action Fantasy Science Fiction Adventure,pacific rim uprising,John Boyega Kira Snyder Jing Tian Steven S. DeKnight Action Fantasy Science Fiction Adventure
Wes Anderson,Bryan Cranston,Koyu Rankin,Edward Norton,Adventure Comedy Animation,isle of dogs,Bryan Cranston Koyu Rankin Edward Norton Wes Anderson Adventure Comedy Animation
John Stevenson,James McAvoy,Emily Blunt,Chiwetel Ejiofor,Animation Family Fantasy Comedy Adventure Mystery,sherlock gnomes,James McAvoy Emily Blunt Chiwetel Ejiofor John Stevenson Animation Family Fantasy Comedy Adventure Mystery
Steven Soderbergh,Claire Foy,James Greer (screenplay); Claire Foy,Jay Pharoah,Horror Thriller,unsane,Claire Foy James Greer (screenplay); Claire Foy Jay Pharoah Steven Soderbergh Horror Thriller
Andrew Hyatt,Jim Caviezel,Olivier Martinez,James Faulkner,Drama,"paul, apostle of christ",Jim Caviezel Olivier Martinez James Faulkner Andrew Hyatt Drama
Stanley Tucci,Geoffrey Rush,Armie Hammer,Clémence Poésy,History Drama,final portrait,Geoffrey Rush Armie Hammer Clémence Poésy Stanley Tucci History Drama
Scott Speer,Bella Thorne,Patrick Schwarzenegger,Rob Riggle,Romance Drama,midnight sun,Bella Thorne Patrick Schwarzenegger Rob Riggle Scott Speer Romance Drama
Steven Spielberg,Tye Sheridan,Ernest Cline (screenplay); Tye Sheridan,Ben Mendelsohn,Adventure Action Science Fiction,ready player one,Tye Sheridan Ernest Cline (screenplay); Tye Sheridan Ben Mendelsohn Steven Spielberg Adventure Action Science Fiction
Tyler Perry,Taraji P. Henson,Lyriq Bent,Crystle Stewart,Drama Thriller,acrimony,Taraji P. Henson Lyriq Bent Crystle Stewart Tyler Perry Drama Thriller
Michael Mason,David A. R. White,John Corbett,Shane Harper,Drama,god's not dead: a light in darkness,David A. R. White John Corbett Shane Harper Michael Mason Drama
Aaron Katz,Lola Kirke,Zoë Kravitz,Greta Lee,Science Fiction Action Adventure Thriller Drama,gemini,Lola Kirke Zoë Kravitz Greta Lee Aaron Katz Science Fiction Action Adventure Thriller Drama
Adam Rifkin,Burt Reynolds,Ariel Winter,Clark Duke,Drama,the last movie star,Burt Reynolds Ariel Winter Clark Duke Adam Rifkin Drama
John Krasinski,Emily Blunt,Scott Beck (screenplay); Emily Blunt,Millicent Simmonds,Horror Drama Science Fiction,a quiet place,Emily Blunt Scott Beck (screenplay); Emily Blunt Millicent Simmonds John Krasinski Horror Drama Science Fiction
Kay Cannon,Leslie Mann,Jim Kehoe (screenplay); Leslie Mann,John Cena,Comedy,blockers,Leslie Mann Jim Kehoe (screenplay); Leslie Mann John Cena Kay Cannon Comedy
Lynne Ramsay,Joaquin Phoenix,Judith Roberts,Ekaterina Samsonov,Crime Drama Thriller,you were never really here,Joaquin Phoenix Judith Roberts Ekaterina Samsonov Lynne Ramsay Crime Drama Thriller
John Curran,Jason Clarke,Andrew Logan (screenplay); Jason Clarke,Ed Helms,History Drama Thriller,chappaquiddick,Jason Clarke Andrew Logan (screenplay); Jason Clarke Ed Helms John Curran History Drama Thriller
Sean McNamara,Erin Moriarty,Elissa Matsueda (screenplay); Erin Moriarty,William Hurt,Drama,the miracle season,Erin Moriarty Elissa Matsueda (screenplay); Erin Moriarty William Hurt Sean McNamara Drama
Barry Levinson,Al Pacino,John C. Richards (screenplay); Al Pacino,Kathy Baker,Drama TV Movie,paterno,Al Pacino John C. Richards (screenplay); Al Pacino Kathy Baker Barry Levinson Drama TV Movie
Brad Anderson,Jon Hamm,Rosamund Pike,Dean Norris,Action Thriller Drama,beirut,Jon Hamm Rosamund Pike Dean Norris Brad Anderson Action Thriller Drama
Brad Peyton,Dwayne Johnson,Carlton Cuse,Malin Åkerman,Action Adventure Science Fiction,rampage,Dwayne Johnson Carlton Cuse Malin Åkerman Brad Peyton Action Adventure Science Fiction
Jeff Wadlow,Lucy Hale,Jillian Jacobs,Violett Beane,Thriller Horror,truth or dare,Lucy Hale Jillian Jacobs Violett Beane Jeff Wadlow Thriller Horror
Chloé Zhao,Brady Jandreau,Lilly Jandreau,Tim Jandreau,Drama Western,the rider,Brady Jandreau Lilly Jandreau Tim Jandreau Chloé Zhao Drama Western
Richard Lanni,Logan Lerman,Helena Bonham Carter,Gérard Depardieu,Animation Adventure Family History War,sgt. stubby: an american hero,Logan Lerman Helena Bonham Carter Gérard Depardieu Richard Lanni Animation Adventure Family History War
Emilio Insolera,Emilio Insolera,Carola Insolera,Ben Bahan,Science Fiction Adventure,sign gene,Emilio Insolera Carola Insolera Ben Bahan Emilio Insolera Science Fiction Adventure
"Abby Kohn, Marc Silverstein",Amy Schumer,Marc Silverstein (director/screenplay); Amy Schumer,Rory Scovel,Comedy Romance,i feel pretty,"Amy Schumer Marc Silverstein (director/screenplay); Amy Schumer Rory Scovel Abby Kohn, Marc Silverstein Comedy Romance"
Jay Chandrasekhar,Jay Chandrasekhar,Kevin Heffernan,Steve Lemme,Comedy Crime Mystery,super troopers 2,Jay Chandrasekhar Kevin Heffernan Steve Lemme Jay Chandrasekhar Comedy Crime Mystery
Deon Taylor,Paula Patton,Omar Epps,Laz Alonso,Thriller Action,traffik,Paula Patton Omar Epps Laz Alonso Deon Taylor Thriller Action
Peter Livolsi,Ellen Burstyn,Nick Offerman,Asa Butterfield,Drama Comedy,the house of tomorrow,Ellen Burstyn Nick Offerman Asa Butterfield Peter Livolsi Drama Comedy
Russo brothers,Robert Downey Jr.,Stephen McFeely (screenplay); Robert Downey Jr.,Mark Ruffalo,Adventure Action Science Fiction,avengers: infinity war,Robert Downey Jr. Stephen McFeely (screenplay); Robert Downey Jr. Mark Ruffalo Russo brothers Adventure Action Science Fiction
Sebastián Lelio,Rachel Weisz,Rachel McAdams,Alessandro Nivola,Drama Romance,disobedience,Rachel Weisz Rachel McAdams Alessandro Nivola Sebastián Lelio Drama Romance
Per Fly,Theo James,Ben Kingsley,Belçim Bilgin,Thriller Drama History,backstabbing for beginners,Theo James Ben Kingsley Belçim Bilgin Per Fly Thriller Drama History
Deniz Gamze Ergüven,Halle Berry,Daniel Craig,unknown,Adventure Animation Family Fantasy,kings,Halle Berry Daniel Craig unknown Deniz Gamze Ergüven Adventure Animation Family Fantasy
Rob Greenberg,Eugenio Derbez,Leslie Dixon (screenplay); Eugenio Derbez,Eva Longoria,Romance Comedy,overboard,Eugenio Derbez Leslie Dixon (screenplay); Eugenio Derbez Eva Longoria Rob Greenberg Romance Comedy
Jason Reitman,Charlize Theron,Mackenzie Davis,Ron Livingston,Comedy Drama,tully,Charlize Theron Mackenzie Davis Ron Livingston Jason Reitman Comedy Drama
Dean Devlin,David Tennant,Robert Sheehan,Carlito Olivero,Thriller Crime Horror Drama,bad samaritan,David Tennant Robert Sheehan Carlito Olivero Dean Devlin Thriller Crime Horror Drama
Bobby Miller,Johnny Galecki,Anna Friel,Oliver Platt,Drama Comedy Fantasy Horror,the cleanse,Johnny Galecki Anna Friel Oliver Platt Bobby Miller Drama Comedy Fantasy Horror
Betsy West,Betsy West (director); Julie Cohen (director); Ruth Bader Ginsburg; Jane Ginsburg; James Steven Ginsburg; Nina Totenberg; Gloria Steinem,unknown,unknown,Documentary,rbg,Betsy West (director); Julie Cohen (director); Ruth Bader Ginsburg; Jane Ginsburg; James Steven Ginsburg; Nina Totenberg; Gloria Steinem unknown unknown Betsy West Documentary
Ben Falcone,Melissa McCarthy,Gillian Jacobs,Maya Rudolph,Comedy,life of the party,Melissa McCarthy Gillian Jacobs Maya Rudolph Ben Falcone Comedy
James McTeigue,Gabrielle Union,Billy Burke,Richard Cabral,Action Crime Thriller,breaking in,Gabrielle Union Billy Burke Richard Cabral James McTeigue Action Crime Thriller
Michael Mayer,Annette Bening,Saoirse Ronan,Corey Stoll,Drama TV Movie,the seagull,Annette Bening Saoirse Ronan Corey Stoll Michael Mayer Drama TV Movie
Vaughn Stein,Margot Robbie,Simon Pegg,Dexter Fletcher,Comedy Drama,terminal,Margot Robbie Simon Pegg Dexter Fletcher Vaughn Stein Comedy Drama
David Leitch,Ryan Reynolds,Paul Wernick,Morena Baccarin,Action Comedy Adventure,deadpool 2,Ryan Reynolds Paul Wernick Morena Baccarin David Leitch Action Comedy Adventure
Raja Gosnell,Will Arnett,Marc Hyman (screenplay); Will Arnett,Natasha Lyonne,Adventure Crime Family Comedy,show dogs,Will Arnett Marc Hyman (screenplay); Will Arnett Natasha Lyonne Raja Gosnell Adventure Crime Family Comedy
Bill Holderman,Diane Keaton,Jane Fonda,Candice Bergen,Romance,book club,Diane Keaton Jane Fonda Candice Bergen Bill Holderman Romance
Paul Schrader,Ethan Hawke,Amanda Seyfried,Cedric the Entertainer,Drama,first reformed,Ethan Hawke Amanda Seyfried Cedric the Entertainer Paul Schrader Drama
Ramin Bahrani,Michael B. Jordan,Michael Shannon,Sofia Boutella,Drama Science Fiction,fahrenheit 451,Michael B. Jordan Michael Shannon Sofia Boutella Ramin Bahrani Drama Science Fiction
Ron Howard,Alden Ehrenreich,Lawrence Kasdan (screenplay); Alden Ehrenreich,Emilia Clarke,Science Fiction Adventure Action,solo: a star wars story,Alden Ehrenreich Lawrence Kasdan (screenplay); Alden Ehrenreich Emilia Clarke Ron Howard Science Fiction Adventure Action
John Cameron Mitchell,Elle Fanning,Alex Sharp,Nicole Kidman,Comedy Music Romance Science Fiction,how to talk to girls at parties,Elle Fanning Alex Sharp Nicole Kidman John Cameron Mitchell Comedy Music Romance Science Fiction
Anthony Byrne,Natalie Dormer,Ed Skrein,Emily Ratajkowski,Horror Adventure,in darkness,Natalie Dormer Ed Skrein Emily Ratajkowski Anthony Byrne Horror Adventure
James Franco,James Franco,Suki Waterhouse,Jeffrey Wahlberg,Science Fiction,future world,James Franco Suki Waterhouse Jeffrey Wahlberg James Franco Science Fiction
Jennifer Fox,Laura Dern,Ellen Burstyn,Jason Ritter,Fantasy Drama Adventure,the tale,Laura Dern Ellen Burstyn Jason Ritter Jennifer Fox Fantasy Drama Adventure
Tim Kirkby,Johnny Knoxville,Dave Krinsky (screenplay); Johnny Knoxville,unknown,Comedy Drama,action point,Johnny Knoxville Dave Krinsky (screenplay); Johnny Knoxville unknown Tim Kirkby Comedy Drama
Baltasar Kormákur,Shailene Woodley,Jordan Kandell,unknown,Thriller Romance Adventure,adrift,Shailene Woodley Jordan Kandell unknown Baltasar Kormákur Thriller Romance Adventure
Leigh Whannell,Logan Marshall-Green,Betty Gabriel,Harrison Gilbertson,Action Thriller Science Fiction,upgrade,Logan Marshall-Green Betty Gabriel Harrison Gilbertson Leigh Whannell Action Thriller Science Fiction
Bart Layton,Evan Peters,Barry Keoghan,Blake Jenner,Drama Crime Documentary,american animals,Evan Peters Barry Keoghan Blake Jenner Bart Layton Drama Crime Documentary
Theresa Bennett,Noël Wells,Josh Radnor,Aya Cash,Comedy Romance,social animals,Noël Wells Josh Radnor Aya Cash Theresa Bennett Comedy Romance
Gary Ross,Sandra Bullock,Cate Blanchett,Anne Hathaway,Crime Comedy Action,ocean's 8,Sandra Bullock Cate Blanchett Anne Hathaway Gary Ross Crime Comedy Action
Ari Aster,Toni Collette,Alex Wolff,Milly Shapiro,Horror Mystery Thriller,hereditary,Toni Collette Alex Wolff Milly Shapiro Ari Aster Horror Mystery Thriller
Drew Pearce,Jodie Foster,Sterling K. Brown,Sofia Boutella,Science Fiction Crime Action Thriller Drama,hotel artemis,Jodie Foster Sterling K. Brown Sofia Boutella Drew Pearce Science Fiction Crime Action Thriller Drama
Director X,Trevor Jackson,Jason Mitchell,Michael K. Williams,Action Crime,superfly,Trevor Jackson Jason Mitchell Michael K. Williams Director X Action Crime
Brad Bird,Craig T. Nelson,Holly Hunter,Sarah Vowell,Action Adventure Animation Family,incredibles 2,Craig T. Nelson Holly Hunter Sarah Vowell Brad Bird Action Adventure Animation Family
Jeff Tomsic,Ed Helms,Mark Steilen (screenplay); Ed Helms,Annabelle Wallis,Comedy Action,tag,Ed Helms Mark Steilen (screenplay); Ed Helms Annabelle Wallis Jeff Tomsic Comedy Action
Kevin Connolly,John Travolta,Leo Rossi (screenplay); John Travolta,Pruitt Taylor Vince,Crime Drama History Thriller,gotti,John Travolta Leo Rossi (screenplay); John Travolta Pruitt Taylor Vince Kevin Connolly Crime Drama History Thriller
J. A. Bayona,Chris Pratt,Colin Trevorrow (screenplay); Chris Pratt,Rafe Spall,Adventure Science Fiction Thriller,jurassic world: fallen kingdom,Chris Pratt Colin Trevorrow (screenplay); Chris Pratt Rafe Spall J. A. Bayona Adventure Science Fiction Thriller
Shana Feste,Vera Farmiga,Christopher Plummer,Lewis MacDougall,Comedy Drama,boundaries,Vera Farmiga Christopher Plummer Lewis MacDougall Shana Feste Comedy Drama
"David Zellner, Nathan Zellner (directors/screenplay); Robert Pattinson, Mia Wasikowska",Robert Pattinson,Nathan Zellner (directors/screenplay); Robert Pattinson,unknown,Fantasy Action Adventure,damsel,"Robert Pattinson Nathan Zellner (directors/screenplay); Robert Pattinson unknown David Zellner, Nathan Zellner (directors/screenplay); Robert Pattinson, Mia Wasikowska Fantasy Action Adventure"
Mike P. Nelson,Tyler Hoechlin,Kate Bosworth,Lance Reddick,Horror Thriller,the domestics,Tyler Hoechlin Kate Bosworth Lance Reddick Mike P. Nelson Horror Thriller
Stefano Sollima,Benicio del Toro,Josh Brolin,Isabela Merced,Action Crime Thriller,sicario: day of the soldado,Benicio del Toro Josh Brolin Isabela Merced Stefano Sollima Action Crime Thriller
Debra Granik,Ben Foster,Thomasin McKenzie,Jeff Kober,Drama,leave no trace,Ben Foster Thomasin McKenzie Jeff Kober Debra Granik Drama
Matt Sivertson,Caroline Amiguet,Sara Wolfkind,Michael Christopher Shantz,Drama,love all you have left,Caroline Amiguet Sara Wolfkind Michael Christopher Shantz Matt Sivertson Drama
Charles Stone III,Kyrie Irving,Lil Rel Howery,Shaquille O'Neal,Comedy,uncle drew,Kyrie Irving Lil Rel Howery Shaquille O'Neal Charles Stone III Comedy
Susanna White,Jessica Chastain,Michael Greyeyes,Chaske Spencer,Drama History Western,woman walks ahead,Jessica Chastain Michael Greyeyes Chaske Spencer Susanna White Drama History Western
Richie Moore,Russell Geoffrey Banks,Russell Geoffrey Banks (screenplay); Russell Geoffrey Banks,Margaret Roche,Horror TV Movie,who's watching oliver,Russell Geoffrey Banks Russell Geoffrey Banks (screenplay); Russell Geoffrey Banks Margaret Roche Richie Moore Horror TV Movie
Gerard McMurray,Y'lan Noel,Lex Scott Davis,Joivan Wade,Action Horror Thriller,the first purge,Y'lan Noel Lex Scott Davis Joivan Wade Gerard McMurray Action Horror Thriller
Peyton Reed,Paul Rudd,Erik Sommers,Michael Peña,Action Adventure Science Fiction,ant-man and the wasp,Paul Rudd Erik Sommers Michael Peña Peyton Reed Action Adventure Science Fiction
Boots Riley,LaKeith Stanfield,Tessa Thompson,Jermaine Fowler,Fantasy Science Fiction Comedy,sorry to bother you,LaKeith Stanfield Tessa Thompson Jermaine Fowler Boots Riley Fantasy Science Fiction Comedy
Kevin Macdonald,Whitney Houston,unknown,unknown,Music Documentary,whitney,Whitney Houston unknown unknown Kevin Macdonald Music Documentary
"Genndy Tartakovsky (director/screenplay[119]); Michael McCullers (screenplay); Adam Sandler, Andy Samberg, Selena Gomez, Kevin James, David Spade, Steve Buscemi, Keegan-Michael Key, Molly Shannon, Fran Drescher, Kathryn Hahn, Jim Gaffigan, Mel Brooks",Adam Sandler,Andy Samberg,Selena Gomez,Animation Comedy Family Fantasy,hotel transylvania 3: summer vacation,"Adam Sandler Andy Samberg Selena Gomez Genndy Tartakovsky (director/screenplay[119]); Michael McCullers (screenplay); Adam Sandler, Andy Samberg, Selena Gomez, Kevin James, David Spade, Steve Buscemi, Keegan-Michael Key, Molly Shannon, Fran Drescher, Kathryn Hahn, Jim Gaffigan, Mel Brooks Animation Comedy Family Fantasy"
Rawson Marshall Thurber,Dwayne Johnson,Neve Campbell,Chin Han,Action Thriller Adventure,skyscraper,Dwayne Johnson Neve Campbell Chin Han Rawson Marshall Thurber Action Thriller Adventure
Bo Burnham,Elsie Fisher,Josh Hamilton,Emily Robinson,Comedy Drama,eighth grade,Elsie Fisher Josh Hamilton Emily Robinson Bo Burnham Comedy Drama
Gus Van Sant,Joaquin Phoenix,Jonah Hill,Rooney Mara,Comedy Drama,"don't worry, he won't get far on foot",Joaquin Phoenix Jonah Hill Rooney Mara Gus Van Sant Comedy Drama
Rob Reiner,Woody Harrelson,James Marsden,Rob Reiner,History Drama Thriller,shock and awe,Woody Harrelson James Marsden Rob Reiner Rob Reiner History Drama Thriller
Ol Parker,Christine Baranski,Pierce Brosnan,Dominic Cooper,Comedy Romance,mamma mia! here we go again,Christine Baranski Pierce Brosnan Dominic Cooper Ol Parker Comedy Romance
Antoine Fuqua,Denzel Washington,Pedro Pascal,Ashton Sanders,Action Thriller Crime,the equalizer 2,Denzel Washington Pedro Pascal Ashton Sanders Antoine Fuqua Action Thriller Crime
Carlos López Estrada,Daveed Diggs,Daveed Diggs (screenplay); Daveed Diggs,Janina Gavankar,Comedy Crime Drama,blindspotting,Daveed Diggs Daveed Diggs (screenplay); Daveed Diggs Janina Gavankar Carlos López Estrada Comedy Crime Drama
Stephen Susco,Colin Woodell,Rebecca Rittenhouse,Betty Gabriel,Horror,unfriended: dark web,Colin Woodell Rebecca Rittenhouse Betty Gabriel Stephen Susco Horror
Christopher McQuarrie,Tom Cruise,Henry Cavill,Ving Rhames,Action Adventure,mission: impossible – fallout,Tom Cruise Henry Cavill Ving Rhames Christopher McQuarrie Action Adventure
Peter Rida Michail,Greg Cipes,Scott Menville,Khary Payton,Animation Action Comedy Science Fiction,teen titans go! to the movies,Greg Cipes Scott Menville Khary Payton Peter Rida Michail Animation Action Comedy Science Fiction
Elijah Bynum,Timothée Chalamet,Maika Monroe,Alex Roe,Drama Crime,hot summer nights,Timothée Chalamet Maika Monroe Alex Roe Elijah Bynum Drama Crime
Marc Turtletaub,Kelly Macdonald,Polly Mann (screenplay); Kelly Macdonald,David Denman,Horror Thriller,puzzle,Kelly Macdonald Polly Mann (screenplay); Kelly Macdonald David Denman Marc Turtletaub Horror Thriller
Ben Young,Michael Peña,Brad Kane (screenplay); Michael Peña,Mike Colter,Action Drama Science Fiction Thriller,extinction,Michael Peña Brad Kane (screenplay); Michael Peña Mike Colter Ben Young Action Drama Science Fiction Thriller
Marc Forster,Ewan McGregor,Tom McCarthy,Jim Cummings,Adventure Comedy Family Fantasy,christopher robin,Ewan McGregor Tom McCarthy Jim Cummings Marc Forster Adventure Comedy Family Fantasy
Jennifer Yuh Nelson,Amandla Stenberg,Harris Dickinson,Mandy Moore,Action Adventure Drama,the darkest minds,Amandla Stenberg Harris Dickinson Mandy Moore Jennifer Yuh Nelson Action Adventure Drama
Susanna Fogel,Mila Kunis,Kate McKinnon,Justin Theroux,Comedy Action Adventure,the spy who dumped me,Mila Kunis Kate McKinnon Justin Theroux Susanna Fogel Comedy Action Adventure
Desiree Akhavan,Chloë Grace Moretz,John Gallagher Jr.,Sasha Lane,Drama,the miseducation of cameron post,Chloë Grace Moretz John Gallagher Jr. Sasha Lane Desiree Akhavan Drama
Augustine Frizzell,Maia Mitchell,Camila Morrone,unknown,Comedy,never goin' back,Maia Mitchell Camila Morrone unknown Augustine Frizzell Comedy
Ken Marino,Nina Dobrev,Erica Oyama (screenplay); Nina Dobrev,Adam Pally,Comedy Family Romance,dog days,Nina Dobrev Erica Oyama (screenplay); Nina Dobrev Adam Pally Ken Marino Comedy Family Romance
Jon Turteltaub,Jason Statham,Jon Hoeber,Rainn Wilson,Action Science Fiction Horror,the meg,Jason Statham Jon Hoeber Rainn Wilson Jon Turteltaub Action Science Fiction Horror
Spike Lee,John David Washington,David Rabinowitz,Laura Harrier,Crime Comedy Drama History,blackkklansman,John David Washington David Rabinowitz Laura Harrier Spike Lee Crime Comedy Drama History
Sylvain White,Julia Goldani Telles,Joey King,Jaz Sinclair,Horror Mystery Thriller,slender man,Julia Goldani Telles Joey King Jaz Sinclair Sylvain White Horror Mystery Thriller
Jean-Stéphane Sauvaire,Joe Cole,unknown,unknown,Drama Action Crime,a prayer before dawn,Joe Cole unknown unknown Jean-Stéphane Sauvaire Drama Action Crime
Sebastian Gutierrez,Abbey Lee,Matthew Beard,Carla Gugino,Science Fiction Thriller Horror Mystery,elizabeth harvest,Abbey Lee Matthew Beard Carla Gugino Sebastian Gutierrez Science Fiction Thriller Horror Mystery
Jon M. Chu,Constance Wu,Adele Lim (screenplay); Constance Wu,Gemma Chan,Comedy Romance,crazy rich asians,Constance Wu Adele Lim (screenplay); Constance Wu Gemma Chan Jon M. Chu Comedy Romance
Albert Hughes,Kodi Smit-McPhee,Jóhannes Haukur Jóhannesson,unknown,Horror Drama Science Fiction,alpha,Kodi Smit-McPhee Jóhannes Haukur Jóhannesson unknown Albert Hughes Horror Drama Science Fiction
Peter Berg,Mark Wahlberg,Iko Uwais,John Malkovich,Action Thriller,mile 22,Mark Wahlberg Iko Uwais John Malkovich Peter Berg Action Thriller
Björn Runge,Glenn Close,Jonathan Pryce,Christian Slater,Drama,the wife,Glenn Close Jonathan Pryce Christian Slater Björn Runge Drama
James Cox,Ansel Elgort,Taron Egerton,Emma Roberts,Drama,billionaire boys club,Ansel Elgort Taron Egerton Emma Roberts James Cox Drama
Jesse Peretz,Rose Byrne,Jim Taylor,Chris O'Dowd,Comedy Drama Romance,"juliet, naked",Rose Byrne Jim Taylor Chris O'Dowd Jesse Peretz Comedy Drama Romance
Rodrigo Cortés,AnnaSophia Robb,Chris Sparling (screenplay); AnnaSophia Robb,Victoria Moroles,Horror Mystery Thriller Fantasy Drama,down a dark hall,AnnaSophia Robb Chris Sparling (screenplay); AnnaSophia Robb Victoria Moroles Rodrigo Cortés Horror Mystery Thriller Fantasy Drama
Susan Johnson,Lana Condor,Noah Centineo,Janel Parrish,Comedy Romance,to all the boys i've loved before,Lana Condor Noah Centineo Janel Parrish Susan Johnson Comedy Romance
Brian Henson,Melissa McCarthy,Bill Barretta,Joel McHale,Action Crime Comedy,the happytime murders,Melissa McCarthy Bill Barretta Joel McHale Brian Henson Action Crime Comedy
Aneesh Chaganty,John Cho,Debra Messing,unknown,Drama TV Movie,searching,John Cho Debra Messing unknown Aneesh Chaganty Drama TV Movie
Michael Noer,Charlie Hunnam,Rami Malek,Roland Møller,Adventure Crime Drama,papillon,Charlie Hunnam Rami Malek Roland Møller Michael Noer Adventure Crime Drama
Oliver Daly,Alex Neustaedter,Becky G,Alex MacNicoll,Science Fiction Action Adventure Family,a.x.l.,Alex Neustaedter Becky G Alex MacNicoll Oliver Daly Science Fiction Action Adventure Family
Chris Weitz,Oscar Isaac,Ben Kingsley,Mélanie Laurent,Drama History Thriller,operation finale,Oscar Isaac Ben Kingsley Mélanie Laurent Chris Weitz Drama History Thriller
"Jonathan Baker, Josh Baker",Myles Truitt,Josh Baker (director/screenplay); Daniel Casey (screenplay); Myles Truitt,Zoë Kravitz,Science Fiction Action Adventure Thriller,kin,"Myles Truitt Josh Baker (director/screenplay); Daniel Casey (screenplay); Myles Truitt Zoë Kravitz Jonathan Baker, Josh Baker Science Fiction Action Adventure Thriller"
Victor Levin,Winona Ryder,Keanu Reeves,unknown,Romance Comedy Drama,destination wedding,Winona Ryder Keanu Reeves unknown Victor Levin Romance Comedy Drama
Brian A. Miller,Bruce Willis,Frank Grillo,Johnathon Schaech,Action Adventure Thriller,reprisal,Bruce Willis Frank Grillo Johnathon Schaech Brian A. Miller Action Adventure Thriller
Corin Hardy,Demián Bichir,Taissa Farmiga,Jonas Bloquet,Horror,the nun,Demián Bichir Taissa Farmiga Jonas Bloquet Corin Hardy Horror
Pierre Morel,Jennifer Garner,John Ortiz,John Gallagher Jr.,Action Thriller,peppermint,Jennifer Garner John Ortiz John Gallagher Jr. Pierre Morel Action Thriller
Shane Black,Boyd Holbrook,Trevante Rhodes,Jacob Tremblay,Science Fiction Action Thriller,the predator,Boyd Holbrook Trevante Rhodes Jacob Tremblay Shane Black Science Fiction Action Thriller
Paul Feig,Anna Kendrick,Blake Lively,Henry Golding,Thriller Comedy Mystery,a simple favor,Anna Kendrick Blake Lively Henry Golding Paul Feig Thriller Comedy Mystery
Yann Demange,Matthew McConaughey,Logan Miller,Bel Powley,Crime Drama,white boy rick,Matthew McConaughey Logan Miller Bel Powley Yann Demange Crime Drama
Harold Cronk,Samuel Hunt,Ken Hixon (screenplay); Samuel Hunt,Vanessa Bell Calloway,Drama,unbroken: path to redemption,Samuel Hunt Ken Hixon (screenplay); Samuel Hunt Vanessa Bell Calloway Harold Cronk Drama
Richard Eyre,Emma Thompson,Stanley Tucci,Fionn Whitehead,Drama,the children act,Emma Thompson Stanley Tucci Fionn Whitehead Richard Eyre Drama
Craig William Macneill,Chloë Sevigny,Kristen Stewart,Jay Huguley,Crime Drama Thriller,lizzie,Chloë Sevigny Kristen Stewart Jay Huguley Craig William Macneill Crime Drama Thriller
Stephen Cognetti,Vasile Flutur,Jillian Geurts,Joy Shatz,Horror Mystery,hell house llc ii: the abaddon hotel,Vasile Flutur Jillian Geurts Joy Shatz Stephen Cognetti Horror Mystery
Eli Roth,Jack Black,Cate Blanchett,Owen Vaccaro,Comedy Family Fantasy Horror Mystery,the house with a clock in its walls,Jack Black Cate Blanchett Owen Vaccaro Eli Roth Comedy Family Fantasy Horror Mystery
Dan Fogelman,Oscar Isaac,Olivia Wilde,Mandy Patinkin,Drama Romance,life itself,Oscar Isaac Olivia Wilde Mandy Patinkin Dan Fogelman Drama Romance
Jacques Audiard,John C. Reilly,Joaquin Phoenix,Jake Gyllenhaal,Western Drama Comedy,the sisters brothers,John C. Reilly Joaquin Phoenix Jake Gyllenhaal Jacques Audiard Western Drama Comedy
Sam Levinson,Odessa Young,Suki Waterhouse,Hari Nef,Thriller Horror Comedy,assassination nation,Odessa Young Suki Waterhouse Hari Nef Sam Levinson Thriller Horror Comedy
Donald Petrie,Emma Roberts,Vinay Virmani (screenplay); Emma Roberts,Alyssa Milano,Comedy Romance,little italy,Emma Roberts Vinay Virmani (screenplay); Emma Roberts Alyssa Milano Donald Petrie Comedy Romance
Wash Westmoreland,Keira Knightley,Rebecca Lenkiewicz (screenplay); Keira Knightley,Eleanor Tomlinson,Drama History,colette,Keira Knightley Rebecca Lenkiewicz (screenplay); Keira Knightley Eleanor Tomlinson Wash Westmoreland Drama History
Michael Moore (director/screenplay/narrator),Michael Moore (director/screenplay/narrator),unknown,unknown,Documentary,fahrenheit 11/9,Michael Moore (director/screenplay/narrator) unknown unknown Michael Moore (director/screenplay/narrator) Documentary
Lisa D'Apolito,Lisa D'Apolito (director); Gilda Radner,Amy Poehler,Melissa McCarthy,Documentary,"love, gilda",Lisa D'Apolito (director); Gilda Radner Amy Poehler Melissa McCarthy Lisa D'Apolito Documentary
Karey Kirkpatrick,Channing Tatum,James Corden,Zendaya,Family Comedy Adventure Animation Fantasy,smallfoot,Channing Tatum James Corden Zendaya Karey Kirkpatrick Family Comedy Adventure Animation Fantasy
"Malcolm D. Lee (director[177]); Kevin Hart, Harry Ratchford, Joey Wells, Matt Kellard, Nicholas Stoller,[178] John Hamburg (screenplay); Kevin Hart, Tiffany Haddish, Rob Riggle, Romany Malco",Kevin Hart,Harry Ratchford,Rob Riggle,Comedy,night school,"Kevin Hart Harry Ratchford Rob Riggle Malcolm D. Lee (director[177]); Kevin Hart, Harry Ratchford, Joey Wells, Matt Kellard, Nicholas Stoller,[178] John Hamburg (screenplay); Kevin Hart, Tiffany Haddish, Rob Riggle, Romany Malco Comedy"
David Lowery,Robert Redford,Casey Affleck,Danny Glover,Comedy Crime Drama,the old man & the gun,Robert Redford Casey Affleck Danny Glover David Lowery Comedy Crime Drama
Gregory Plotkin,Amy Forsyth,Blair Butler,Bex Taylor-Klaus,Horror Thriller,hell fest,Amy Forsyth Blair Butler Bex Taylor-Klaus Gregory Plotkin Horror Thriller
Ruben Fleischer,Tom Hardy,Scott Rosenberg,Riz Ahmed,Science Fiction Action,venom,Tom Hardy Scott Rosenberg Riz Ahmed Ruben Fleischer Science Fiction Action
Bradley Cooper,Bradley Cooper,Will Fetters (screenplay); Bradley Cooper,Andrew Dice Clay,Music Drama Romance,a star is born,Bradley Cooper Will Fetters (screenplay); Bradley Cooper Andrew Dice Clay Bradley Cooper Music Drama Romance
Peter Bogdanovich (director/screenplay),Peter Bogdanovich (director/screenplay),unknown,unknown,Documentary Comedy,the great buster: a celebration,Peter Bogdanovich (director/screenplay) unknown unknown Peter Bogdanovich (director/screenplay) Documentary Comedy
Damien Chazelle,Ryan Gosling,Claire Foy,Jason Clarke,History Drama,first man,Ryan Gosling Claire Foy Jason Clarke Damien Chazelle History Drama
Drew Goddard,Jeff Bridges,Cynthia Erivo,Dakota Johnson,Thriller Mystery Crime,bad times at the el royale,Jeff Bridges Cynthia Erivo Dakota Johnson Drew Goddard Thriller Mystery Crime
Ari Sandel,Wendi McLendon-Covey,Madison Iseman,Jeremy Ray Taylor,Comedy Fantasy Horror Family,goosebumps 2: haunted halloween,Wendi McLendon-Covey Madison Iseman Jeremy Ray Taylor Ari Sandel Comedy Fantasy Horror Family
Felix van Groeningen,Steve Carell,Timothée Chalamet,Maura Tierney,Drama,beautiful boy,Steve Carell Timothée Chalamet Maura Tierney Felix van Groeningen Drama
Ike Barinholtz,Ike Barinholtz,Tiffany Haddish,Nora Dunn,Comedy Thriller,the oath,Ike Barinholtz Tiffany Haddish Nora Dunn Ike Barinholtz Comedy Thriller
Nick Searcy,Earl Billings,Dean Cain,Sarah Jane Morris,Drama Crime Documentary,gosnell: the trial of america's biggest serial killer,Earl Billings Dean Cain Sarah Jane Morris Nick Searcy Drama Crime Documentary
"Hannah Marks, Joey Power (directors/screenplay), Jeremy Allen White, Maika Monroe, DeRon Horton, Sasha Lane, Dean Winters, Joe Keery, Gina Gershon, Marisa Tomei",Hannah Marks,Joey Power (directors/screenplay),Jeremy Allen White,Romance Drama,after everything,"Hannah Marks Joey Power (directors/screenplay) Jeremy Allen White Hannah Marks, Joey Power (directors/screenplay), Jeremy Allen White, Maika Monroe, DeRon Horton, Sasha Lane, Dean Winters, Joe Keery, Gina Gershon, Marisa Tomei Romance Drama"
David Gordon Green,Jamie Lee Curtis,Danny McBride (screenplay); Jamie Lee Curtis,Andi Matichak,Horror Thriller,halloween,Jamie Lee Curtis Danny McBride (screenplay); Jamie Lee Curtis Andi Matichak David Gordon Green Horror Thriller
George Tillman Jr.,Amandla Stenberg,Regina Hall,Russell Hornsby,Crime Drama,the hate u give,Amandla Stenberg Regina Hall Russell Hornsby George Tillman Jr. Crime Drama
Marielle Heller,Melissa McCarthy,Jeff Whitty (screenplay); Melissa McCarthy,unknown,Drama Crime Comedy,can you ever forgive me?,Melissa McCarthy Jeff Whitty (screenplay); Melissa McCarthy unknown Marielle Heller Drama Crime Comedy
Jonah Hill,Sunny Suljic,Lucas Hedges,Na-Kel Smith,Drama Comedy,mid90s,Sunny Suljic Lucas Hedges Na-Kel Smith Jonah Hill Drama Comedy
Paul Dano,Carey Mulligan,Jake Gyllenhaal,Ed Oxenbould,Drama,wildlife,Carey Mulligan Jake Gyllenhaal Ed Oxenbould Paul Dano Drama
Elizabeth Chomko,Hilary Swank,Michael Shannon,Robert Forster,Drama,what they had,Hilary Swank Michael Shannon Robert Forster Elizabeth Chomko Drama
Sacha Gervasi,Peter Dinklage,Jamie Dornan,Andy García,Drama TV Movie,my dinner with hervé,Peter Dinklage Jamie Dornan Andy García Sacha Gervasi Drama TV Movie
Donovan Marsh,Gerard Butler,Jamie Moss (screenplay); Gerard Butler,Common,Action Adventure Thriller,hunter killer,Gerard Butler Jamie Moss (screenplay); Gerard Butler Common Donovan Marsh Action Adventure Thriller
David Kerr,Rowan Atkinson,Ben Miller,Olga Kurylenko,Action Adventure Comedy,johnny english strikes again,Rowan Atkinson Ben Miller Olga Kurylenko David Kerr Action Adventure Comedy
Luca Guadagnino,Dakota Johnson,Tilda Swinton,Mia Goth,Horror,suspiria,Dakota Johnson Tilda Swinton Mia Goth Luca Guadagnino Horror
David G. Evans,Sarah Drew,Peter White (screenplay); Sarah Drew,Eddie Kaulukukui,Drama War,indivisible,Sarah Drew Peter White (screenplay); Sarah Drew Eddie Kaulukukui David G. Evans Drama War
David McCracken,Mike C. Nelson,Jenni Melear,David McCracken,Action Drama Thriller,bullitt county,Mike C. Nelson Jenni Melear David McCracken David McCracken Action Drama Thriller
Bryan Singer[a],Rami Malek,Lucy Boynton,Gwilym Lee,Music Drama,bohemian rhapsody,Rami Malek Lucy Boynton Gwilym Lee Bryan Singer[a] Music Drama
"Lasse Hallström, Joe Johnston",Keira Knightley,Joe Johnston (director); Ashleigh Powell (screenplay); Keira Knightley,Eugenio Derbez,Family Fantasy Adventure,the nutcracker and the four realms,"Keira Knightley Joe Johnston (director); Ashleigh Powell (screenplay); Keira Knightley Eugenio Derbez Lasse Hallström, Joe Johnston Family Fantasy Adventure"
Tyler Perry,Tiffany Haddish,Tika Sumpter,Omari Hardwick,Drama Comedy,nobody's fool,Tiffany Haddish Tika Sumpter Omari Hardwick Tyler Perry Drama Comedy
Joel Edgerton,Lucas Hedges,Nicole Kidman,Joel Edgerton,Drama,boy erased,Lucas Hedges Nicole Kidman Joel Edgerton Joel Edgerton Drama
Orson Welles,John Huston,Oja Kodar,Peter Bogdanovich,Drama,the other side of the wind,John Huston Oja Kodar Peter Bogdanovich Orson Welles Drama
Matthew Heineman,Rosamund Pike,Jamie Dornan,Tom Hollander,Drama War,a private war,Rosamund Pike Jamie Dornan Tom Hollander Matthew Heineman Drama War
"Zeek Earl, Chris Caldwell",Pedro Pascal,Chris Caldwell (director/screenplay); Pedro Pascal,Jay Duplass,Science Fiction,prospect,"Pedro Pascal Chris Caldwell (director/screenplay); Pedro Pascal Jay Duplass Zeek Earl, Chris Caldwell Science Fiction"
Joseph Kahn,Calum Worthy,Jackie Long,Rory Uphold,Drama Comedy Music,bodied,Calum Worthy Jackie Long Rory Uphold Joseph Kahn Drama Comedy Music
Jason Reitman,Hugh Jackman,Jay Carson (screenplay); Hugh Jackman,J. K. Simmons,Drama History,the front runner,Hugh Jackman Jay Carson (screenplay); Hugh Jackman J. K. Simmons Jason Reitman Drama History
"Scott Mosier, Yarrow Cheney",Benedict Cumberbatch,Yarrow Cheney (directors); Michael LeSieur,Kenan Thompson,Animation Comedy Family Fantasy,the grinch,"Benedict Cumberbatch Yarrow Cheney (directors); Michael LeSieur Kenan Thompson Scott Mosier, Yarrow Cheney Animation Comedy Family Fantasy"
Fede Álvarez,Claire Foy,Steven Knight (screenplay); Claire Foy,LaKeith Stanfield,Action Crime Thriller,the girl in the spider's web,Claire Foy Steven Knight (screenplay); Claire Foy LaKeith Stanfield Fede Álvarez Action Crime Thriller
Julius Avery,Jovan Adepo,Mark L. Smith (screenplay); Jovan Adepo,Mathilde Ollivier,Horror War Science Fiction,overlord,Jovan Adepo Mark L. Smith (screenplay); Jovan Adepo Mathilde Ollivier Julius Avery Horror War Science Fiction
"Coen brothers (directors/screenplay); Tyne Daly, James Franco, Brendan Gleeson, Bill Heck, Grainger Hines, Zoe Kazan, Harry Melling, Liam Neeson, Tim Blake Nelson, Jonjo O'Neill, Chelcie Ross, Saul Rubinek, Tom Waits",Tyne Daly,James Franco,Brendan Gleeson,Western Comedy Drama,the ballad of buster scruggs,"Tyne Daly James Franco Brendan Gleeson Coen brothers (directors/screenplay); Tyne Daly, James Franco, Brendan Gleeson, Bill Heck, Grainger Hines, Zoe Kazan, Harry Melling, Liam Neeson, Tim Blake Nelson, Jonjo O'Neill, Chelcie Ross, Saul Rubinek, Tom Waits Western Comedy Drama"
"Daniel Fabelo, Matt Hullum (directors/screenplay); Burnie Burns (screenplay); Burnie Burns, Gavin Free, Michael Jones, Colton Dunn, Nichole Sakura, Allie DeBerry",Burnie Burns,Matt Hullum (directors/screenplay); Burnie Burns (screenplay); Burnie Burns,Michael Jones,Science Fiction Action Adventure Comedy,lazer team 2,"Burnie Burns Matt Hullum (directors/screenplay); Burnie Burns (screenplay); Burnie Burns Michael Jones Daniel Fabelo, Matt Hullum (directors/screenplay); Burnie Burns (screenplay); Burnie Burns, Gavin Free, Michael Jones, Colton Dunn, Nichole Sakura, Allie DeBerry Science Fiction Action Adventure Comedy"
David Yates,Eddie Redmayne,Katherine Waterston,Dan Fogler,Fantasy Adventure,fantastic beasts: the crimes of grindelwald,Eddie Redmayne Katherine Waterston Dan Fogler David Yates Fantasy Adventure
Steve McQueen,Viola Davis,Michelle Rodriguez,Elizabeth Debicki,Drama Crime Thriller,widows,Viola Davis Michelle Rodriguez Elizabeth Debicki Steve McQueen Drama Crime Thriller
Peter Farrelly,Viggo Mortensen,Brian Hayes Currie (screenplay); Viggo Mortensen,Linda Cardellini,Drama Comedy History,green book,Viggo Mortensen Brian Hayes Currie (screenplay); Viggo Mortensen Linda Cardellini Peter Farrelly Drama Comedy History
Sean Anders,Mark Wahlberg,Rose Byrne,Isabela Merced,Comedy Drama,instant family,Mark Wahlberg Rose Byrne Isabela Merced Sean Anders Comedy Drama
Rich Moore,Rich Moore (director); Phil Johnston (director/screenplay[220]); Pamela Ribon (screenplay[220]); John C. Reilly,Sarah Silverman,Gal Gadot,Action Adventure Animation Comedy Family Science Fiction,ralph breaks the internet,Rich Moore (director); Phil Johnston (director/screenplay[220]); Pamela Ribon (screenplay[220]); John C. Reilly Sarah Silverman Gal Gadot Rich Moore Action Adventure Animation Comedy Family Science Fiction
Steven Caple Jr.,Michael B. Jordan,Sylvester Stallone (screenplay); Michael B. Jordan,Tessa Thompson,Drama Action,creed ii,Michael B. Jordan Sylvester Stallone (screenplay); Michael B. Jordan Tessa Thompson Steven Caple Jr. Drama Action
Otto Bathurst,Taron Egerton,David James Kelly (screenplay); Taron Egerton,Ben Mendelsohn,Thriller Action Drama,robin hood,Taron Egerton David James Kelly (screenplay); Taron Egerton Ben Mendelsohn Otto Bathurst Thriller Action Drama
Alfonso Cuarón,Yalitza Aparicio,Marina de Tavira,Jorge Antonio Guerrero,Drama,roma,Yalitza Aparicio Marina de Tavira Jorge Antonio Guerrero Alfonso Cuarón Drama
Clay Kaytis,Kurt Russell,Judah Lewis,Darby Camp,Comedy Adventure Family Fantasy,the christmas chronicles,Kurt Russell Judah Lewis Darby Camp Clay Kaytis Comedy Adventure Family Fantasy
Yorgos Lanthimos,Olivia Colman,Tony McNamara (screenplay); Olivia Colman,Rachel Weisz,History Comedy Drama,the favourite,Olivia Colman Tony McNamara (screenplay); Olivia Colman Rachel Weisz Yorgos Lanthimos History Comedy Drama
Andy Serkis,Christian Bale,Cate Blanchett,Benedict Cumberbatch,Adventure Drama,mowgli: legend of the jungle,Christian Bale Cate Blanchett Benedict Cumberbatch Andy Serkis Adventure Drama
Diederik van Rooijen,Shay Mitchell,Grey Damon,Kirby Johnson,Horror Drama,the possession of hannah grace,Shay Mitchell Grey Damon Kirby Johnson Diederik van Rooijen Horror Drama
Johan Bodell,Christopher Lee Page,Caitlin Crommett,Erik Kammerland,Horror Mystery Comedy,the cabin,Christopher Lee Page Caitlin Crommett Erik Kammerland Johan Bodell Horror Mystery Comedy
Josie Rourke,Saoirse Ronan,Margot Robbie,Jack Lowden,Drama History,mary queen of scots,Saoirse Ronan Margot Robbie Jack Lowden Josie Rourke Drama History
Peter Hedges,Julia Roberts,Lucas Hedges,Courtney B. Vance,Drama,ben is back,Julia Roberts Lucas Hedges Courtney B. Vance Peter Hedges Drama
"Bob Persichetti, Peter Ramsey, Rodney Rothman",Shameik Moore,Peter Ramsey,Hailee Steinfeld,Animation Action Adventure Science Fiction,spider-man: into the spider-verse,"Shameik Moore Peter Ramsey Hailee Steinfeld Bob Persichetti, Peter Ramsey, Rodney Rothman Animation Action Adventure Science Fiction"
Christian Rivers,Hera Hilmar,Philippa Boyens,Hugo Weaving,Adventure Science Fiction,mortal engines,Hera Hilmar Philippa Boyens Hugo Weaving Christian Rivers Adventure Science Fiction
Clint Eastwood,Clint Eastwood,Bradley Cooper,Laurence Fishburne,Crime Drama,the mule,Clint Eastwood Bradley Cooper Laurence Fishburne Clint Eastwood Crime Drama
Barry Jenkins,KiKi Layne,Stephan James,Colman Domingo,Romance Drama,if beale street could talk,KiKi Layne Stephan James Colman Domingo Barry Jenkins Romance Drama
Rob Marshall,Emily Blunt,Lin-Manuel Miranda,Ben Whishaw,Fantasy Family Comedy,mary poppins returns,Emily Blunt Lin-Manuel Miranda Ben Whishaw Rob Marshall Fantasy Family Comedy
James Wan,Jason Momoa,Will Beall (screenplay); Jason Momoa,Willem Dafoe,Action Adventure Fantasy,aquaman,Jason Momoa Will Beall (screenplay); Jason Momoa Willem Dafoe James Wan Action Adventure Fantasy
Travis Knight,Hailee Steinfeld,John Cena,Jorge Lendeborg Jr.,Action Adventure Science Fiction,bumblebee,Hailee Steinfeld John Cena Jorge Lendeborg Jr. Travis Knight Action Adventure Science Fiction
Robert Zemeckis,Steve Carell,Leslie Mann,Diane Kruger,Drama Comedy,welcome to marwen,Steve Carell Leslie Mann Diane Kruger Robert Zemeckis Drama Comedy
Peter Segal,Jennifer Lopez,Elaine Goldsmith-Thomas (screenplay); Jennifer Lopez,Vanessa Hudgens,Romance Comedy,second act,Jennifer Lopez Elaine Goldsmith-Thomas (screenplay); Jennifer Lopez Vanessa Hudgens Peter Segal Romance Comedy
Etan Cohen,Will Ferrell,John C. Reilly,Rebecca Hall,Comedy Mystery Crime,holmes & watson,Will Ferrell John C. Reilly Rebecca Hall Etan Cohen Comedy Mystery Crime
Adam McKay,Christian Bale,Amy Adams,Steve Carell,Drama Comedy,vice,Christian Bale Amy Adams Steve Carell Adam McKay Drama Comedy
Mimi Leder,Felicity Jones,Armie Hammer,Justin Theroux,Drama History,on the basis of sex,Felicity Jones Armie Hammer Justin Theroux Mimi Leder Drama History
Karyn Kusama,Nicole Kidman,Matt Manfredi (screenplay); Nicole Kidman,Toby Kebbell,Thriller Crime Drama Action,destroyer,Nicole Kidman Matt Manfredi (screenplay); Nicole Kidman Toby Kebbell Karyn Kusama Thriller Crime Drama Action
Adam Robitel,Adam Robitel (director); Bragi F. Schut,Logan Miller,Deborah Ann Woll,Horror Thriller Mystery,escape room,Adam Robitel (director); Bragi F. Schut Logan Miller Deborah Ann Woll Adam Robitel Horror Thriller Mystery
Jen McGowan,Jen McGowan (director); Julie Lipson (screenplay); Hermione Corfield,Jay Paulson,Sean O'Bryan,Thriller Drama Action Crime,rust creek,Jen McGowan (director); Julie Lipson (screenplay); Hermione Corfield Jay Paulson Sean O'Bryan Jen McGowan Thriller Drama Action Crime
Wilson Coneybeare,Wilson Coneybeare (director/screenplay); Donald Sutherland,Vincent Kartheiser,Oliver Dennis,Thriller,american hangman,Wilson Coneybeare (director/screenplay); Donald Sutherland Vincent Kartheiser Oliver Dennis Wilson Coneybeare Thriller
Charles Martin Smith,Charles Martin Smith (director); W. Bruce Cameron (screenplay); Bryce Dallas Howard,Edward James Olmos,Alexandra Shipp,Drama Adventure Family,a dog's way home,Charles Martin Smith (director); W. Bruce Cameron (screenplay); Bryce Dallas Howard Edward James Olmos Alexandra Shipp Charles Martin Smith Drama Adventure Family
Neil Burger,Neil Burger (director); Jon Hartmere (screenplay); Bryan Cranston,Kevin Hart,Nicole Kidman,Comedy Drama,the upside,Neil Burger (director); Jon Hartmere (screenplay); Bryan Cranston Kevin Hart Nicole Kidman Neil Burger Comedy Drama
Jeffrey Nachmanoff,Jeffrey Nachmanoff (director); Chad St. John (screenplay); Keanu Reeves,unknown,unknown,Science Fiction Thriller Drama,replicas,Jeffrey Nachmanoff (director); Chad St. John (screenplay); Keanu Reeves unknown unknown Jeffrey Nachmanoff Science Fiction Thriller Drama
Batán Silva,Batán Silva (director); Fernando Diez Barroso (screenplay); Natalia Dyer,Kyra Sedgwick,Tim Daly,Drama Family Thriller Science Fiction,after darkness,Batán Silva (director); Fernando Diez Barroso (screenplay); Natalia Dyer Kyra Sedgwick Tim Daly Batán Silva Drama Family Thriller Science Fiction
M. Night Shyamalan,M. Night Shyamalan (director/screenplay); James McAvoy,Bruce Willis,Samuel L. Jackson,Thriller Drama Science Fiction,glass,M. Night Shyamalan (director/screenplay); James McAvoy Bruce Willis Samuel L. Jackson M. Night Shyamalan Thriller Drama Science Fiction
Vicky Jewson,Vicky Jewson (director); Vicky Jewson,Sophie Nélisse,Indira Varma,Drama,close,Vicky Jewson (director); Vicky Jewson Sophie Nélisse Indira Varma Vicky Jewson Drama
Henry Dunham,Henry Dunham (director/screenplay); James Badge Dale,Brian Geraghty,unknown,Crime Drama Thriller,the standoff at sparrow creek,Henry Dunham (director/screenplay); James Badge Dale Brian Geraghty unknown Henry Dunham Crime Drama Thriller
Timothy Woodward Jr.,Timothy Woodward Jr. (director); Jeffrey Reddick,Michael Welch,Melissa Bolona,Horror,the final wish,Timothy Woodward Jr. (director); Jeffrey Reddick Michael Welch Melissa Bolona Timothy Woodward Jr. Horror
Joe Cornish,Joe Cornish (director/screenplay); Louis Ashbourne Serkis,Dean Chaumoo,Tom Taylor,Action Adventure Fantasy Family,the kid who would be king,Joe Cornish (director/screenplay); Louis Ashbourne Serkis Dean Chaumoo Tom Taylor Joe Cornish Action Adventure Fantasy Family
Steven Knight,Steven Knight (director/screenplay); Matthew McConaughey,Anne Hathaway,Jason Clarke,Science Fiction Action Adventure Thriller,serenity,Steven Knight (director/screenplay); Matthew McConaughey Anne Hathaway Jason Clarke Steven Knight Science Fiction Action Adventure Thriller
Grant Sputore,Grant Sputore (director),Michael Lloyd Green (screenplay/story),Clara Rugaard,Science Fiction Thriller,i am mother,Grant Sputore (director) Michael Lloyd Green (screenplay/story) Clara Rugaard Grant Sputore Science Fiction Thriller
Andrew Patterson,Andrew Patterson (director),James Montague,Craig W. Sanger (writers); Sierra McCormick,Drama Mystery Science Fiction Thriller,the vast of night,Andrew Patterson (director) James Montague Craig W. Sanger (writers); Sierra McCormick Andrew Patterson Drama Mystery Science Fiction Thriller
Catherine Hardwicke,Catherine Hardwicke (director); Gareth Dunnet-Alcocer (screenplay); Gina Rodriguez,Ismael Cruz Córdova,Anthony Mackie,Action,miss bala,Catherine Hardwicke (director); Gareth Dunnet-Alcocer (screenplay); Gina Rodriguez Ismael Cruz Córdova Anthony Mackie Catherine Hardwicke Action
Dan Gilroy,Dan Gilroy (director/screenplay); Jake Gyllenhaal,Rene Russo,Toni Collette,Thriller Mystery Horror,velvet buzzsaw,Dan Gilroy (director/screenplay); Jake Gyllenhaal Rene Russo Toni Collette Dan Gilroy Thriller Mystery Horror
Madeleine Sackler,Madeleine Sackler (director); Stephen Belber (screenplay); Jeffrey Wright,William Fichtner,Boyd Holbrook,Drama,o.g,Madeleine Sackler (director); Stephen Belber (screenplay); Jeffrey Wright William Fichtner Boyd Holbrook Madeleine Sackler Drama
Mike Mitchell,Mike Mitchell (director); Phil Lord,Elizabeth Banks,Tiffany Haddish,Action Adventure Animation Comedy Family,the lego movie 2: the second part,Mike Mitchell (director); Phil Lord Elizabeth Banks Tiffany Haddish Mike Mitchell Action Adventure Animation Comedy Family
Adam Shankman,Adam Shankman (director); Tina Gordon Chism (screenplay); Taraji P. Henson,Tracy Morgan,Max Greenfield,Comedy Romance,what men want,Adam Shankman (director); Tina Gordon Chism (screenplay); Taraji P. Henson Tracy Morgan Max Greenfield Adam Shankman Comedy Romance
Hans Petter Moland,Hans Petter Moland (director); Frank Baldwin (screenplay); Liam Neeson,Tom Bateman,Tom Jackson,Crime Action Drama,cold pursuit,Hans Petter Moland (director); Frank Baldwin (screenplay); Liam Neeson Tom Bateman Tom Jackson Hans Petter Moland Crime Action Drama
Steven Soderbergh,Steven Soderbergh (director); Tarell Alvin McCraney (screenplay); André Holland,Zazie Beetz,Melvin Gregg,Drama,high flying bird,Steven Soderbergh (director); Tarell Alvin McCraney (screenplay); André Holland Zazie Beetz Melvin Gregg Steven Soderbergh Drama
Nicholas McCarthy,Nicholas McCarthy (director); Jeff Buhler (screenplay); Taylor Schilling,Peter Mooney,Colm Feore,Horror Thriller,the prodigy,Nicholas McCarthy (director); Jeff Buhler (screenplay); Taylor Schilling Peter Mooney Colm Feore Nicholas McCarthy Horror Thriller
Todd Strauss-Schulson,Todd Strauss-Schulson (director); Erin Cardillo,Liam Hemsworth,Adam DeVine,Comedy,isn't it romantic,Todd Strauss-Schulson (director); Erin Cardillo Liam Hemsworth Adam DeVine Todd Strauss-Schulson Comedy
Christopher Landon,Christopher Landon (director/screenplay); Jessica Rothe,Israel Broussard,Phi Vu,Comedy Horror Science Fiction,happy death day 2u,Christopher Landon (director/screenplay); Jessica Rothe Israel Broussard Phi Vu Christopher Landon Comedy Horror Science Fiction
Robert Rodriguez,Robert Rodriguez (director); James Cameron,Christoph Waltz,Jennifer Connelly,Action Science Fiction Adventure,alita: battle angel,Robert Rodriguez (director); James Cameron Christoph Waltz Jennifer Connelly Robert Rodriguez Action Science Fiction Adventure
Dean DeBlois,Dean DeBlois (director/screenplay); Jay Baruchel,America Ferrera,Cate Blanchett,Animation Family Adventure,how to train your dragon: the hidden world,Dean DeBlois (director/screenplay); Jay Baruchel America Ferrera Cate Blanchett Dean DeBlois Animation Family Adventure
Stephen Merchant,Stephen Merchant (director/screenplay); Florence Pugh,Lena Headey,Nick Frost,Comedy,fighting with my family,Stephen Merchant (director/screenplay); Florence Pugh Lena Headey Nick Frost Stephen Merchant Comedy
Tyler Perry,Tyler Perry (director); Jason Rogers (screenplay); Tyler Perry,Courtney Burrell,Patrice Lovely,Comedy,a madea family funeral,Tyler Perry (director); Jason Rogers (screenplay); Tyler Perry Courtney Burrell Patrice Lovely Tyler Perry Comedy
Neil Jordan,Neil Jordan (director/screenplay); Ray Wright (screenplay); Isabelle Huppert,Chloë Grace Moretz,Maika Monroe,Mystery Thriller Drama,greta,Neil Jordan (director/screenplay); Ray Wright (screenplay); Isabelle Huppert Chloë Grace Moretz Maika Monroe Neil Jordan Mystery Thriller Drama
J. C. Chandor,J. C. Chandor (director/screenplay); Mark Boal (screenplay); Ben Affleck,Oscar Isaac,Charlie Hunnam,Action Thriller Crime Adventure,triple frontier,J. C. Chandor (director/screenplay); Mark Boal (screenplay); Ben Affleck Oscar Isaac Charlie Hunnam J. C. Chandor Action Thriller Crime Adventure
"Anna Boden, Ryan Fleck (directors/screenplay); Geneva Robertson-Dworet (screenplay); Brie Larson, Samuel L. Jackson, Ben Mendelsohn, Djimon Hounsou, Lee Pace, Lashana Lynch, Gemma Chan, Annette Bening, Clark Gregg, Jude Law",Anna Boden,Samuel L. Jackson,Ben Mendelsohn,Action Adventure Science Fiction,captain marvel,"Anna Boden Samuel L. Jackson Ben Mendelsohn Anna Boden, Ryan Fleck (directors/screenplay); Geneva Robertson-Dworet (screenplay); Brie Larson, Samuel L. Jackson, Ben Mendelsohn, Djimon Hounsou, Lee Pace, Lashana Lynch, Gemma Chan, Annette Bening, Clark Gregg, Jude Law Action Adventure Science Fiction"
Sebastián Lelio,Sebastián Lelio (director/screenplay); Alice Johnson Boher (screenplay); Julianne Moore,John Turturro,Michael Cera,Drama Romance,gloria bell,Sebastián Lelio (director/screenplay); Alice Johnson Boher (screenplay); Julianne Moore John Turturro Michael Cera Sebastián Lelio Drama Romance
Vincent D'Onofrio,Vincent D'Onofrio (director); Andrew Lanham (screenplay); Ethan Hawke,Dane DeHaan,Jake Schur,Action Adventure Drama Family,the kid,Vincent D'Onofrio (director); Andrew Lanham (screenplay); Ethan Hawke Dane DeHaan Jake Schur Vincent D'Onofrio Action Adventure Drama Family
"Josh Appelbaum, Andre Nemec (screenplay); Brianna Denski, Ken Hudson Campbell, Matthew Broderick, Jennifer Garner, Kenan Thompson, Ken Jeong, Mila Kunis, John Oliver",Josh Appelbaum,Ken Hudson Campbell,Matthew Broderick,Comedy Animation Adventure Family Fantasy,wonder park,"Josh Appelbaum Ken Hudson Campbell Matthew Broderick Josh Appelbaum, Andre Nemec (screenplay); Brianna Denski, Ken Hudson Campbell, Matthew Broderick, Jennifer Garner, Kenan Thompson, Ken Jeong, Mila Kunis, John Oliver Comedy Animation Adventure Family Fantasy"
Katt Shea,Katt Shea (director); Nina Fiore,Zoe Renee,Mackenzie Graham,Crime Family Mystery,nancy drew and the hidden staircase,Katt Shea (director); Nina Fiore Zoe Renee Mackenzie Graham Katt Shea Crime Family Mystery
Rupert Wyatt,Rupert Wyatt (director/screenplay); Erica Beeney (screenplay); John Goodman,Ashton Sanders,Jonathan Majors,Science Fiction Action Thriller,captive state,Rupert Wyatt (director/screenplay); Erica Beeney (screenplay); John Goodman Ashton Sanders Jonathan Majors Rupert Wyatt Science Fiction Action Thriller
James Kent,James Kent (director); Joe Shrapnel,Keira Knightley,Jason Clarke,War Drama Romance,the aftermath,James Kent (director); Joe Shrapnel Keira Knightley Jason Clarke James Kent War Drama Romance
Justin Baldoni,Justin Baldoni (director); Mikki Daughtry,Haley Lu Richardson,unknown,Romance Drama,five feet apart,Justin Baldoni (director); Mikki Daughtry Haley Lu Richardson unknown Justin Baldoni Romance Drama
John Lee Hancock,John Lee Hancock (director); John Fusco (screenplay); Kevin Costner,Woody Harrelson,Kathy Bates,Crime Drama Thriller,the highwaymen,John Lee Hancock (director); John Fusco (screenplay); Kevin Costner Woody Harrelson Kathy Bates John Lee Hancock Crime Drama Thriller
Robert Rodriguez,Robert Rodriguez (director/screenplay); Racer Rodriguez (screenplay); Roby Attal,Lauren Hatfield,Alejandro Rose Garcia,Thriller Science Fiction Horror Mystery,red 11,Robert Rodriguez (director/screenplay); Racer Rodriguez (screenplay); Roby Attal Lauren Hatfield Alejandro Rose Garcia Robert Rodriguez Thriller Science Fiction Horror Mystery
Ivan Kavanagh,Ivan Kavanagh (director/screenplay); Emile Hirsch,Tim Ahern,Déborah François,Western,never grow old,Ivan Kavanagh (director/screenplay); Emile Hirsch Tim Ahern Déborah François Ivan Kavanagh Western
Jesse V. Johnson,Jesse V. Johnson (director); Dwayne Smith (screenplay); Tony Jaa,Iko Uwais,Tiger Chen,Thriller Action,triple threat,Jesse V. Johnson (director); Dwayne Smith (screenplay); Tony Jaa Iko Uwais Tiger Chen Jesse V. Johnson Thriller Action
Jordan Peele,Jordan Peele (director/screenplay); Lupita Nyong'o,Winston Duke,Shahadi Wright Joseph,Horror Mystery,us,Jordan Peele (director/screenplay); Lupita Nyong'o Winston Duke Shahadi Wright Joseph Jordan Peele Horror Mystery
Anthony Maras,Anthony Maras (director/screenplay); John Collee (screenplay); Dev Patel,Armie Hammer,Nazanin Boniadi,Thriller History Drama Action,hotel mumbai,Anthony Maras (director/screenplay); John Collee (screenplay); Dev Patel Armie Hammer Nazanin Boniadi Anthony Maras Thriller History Drama Action
Jeff Tremaine,Jeff Tremaine (director): Tom Kapinos,Iwan Rheon,Machine Gun Kelly,Drama Music Comedy,the dirt,Jeff Tremaine (director): Tom Kapinos Iwan Rheon Machine Gun Kelly Jeff Tremaine Drama Music Comedy
S. Craig Zahler,S. Craig Zahler (director/screenplay); Mel Gibson,Vince Vaughn,Michael Jai White,Crime Action Thriller,dragged across concrete,S. Craig Zahler (director/screenplay); Mel Gibson Vince Vaughn Michael Jai White S. Craig Zahler Crime Action Thriller
Tim Burton,Tim Burton (director); Ehren Kruger (screenplay); Colin Farrell,Michael Keaton,Danny DeVito,Animation Family,dumbo,Tim Burton (director); Ehren Kruger (screenplay); Colin Farrell Michael Keaton Danny DeVito Tim Burton Animation Family
Harmony Korine,Harmony Korine (director/screenplay); Matthew McConaughey,Zac Efron,Jonah Hill,Comedy Drama,the beach bum,Harmony Korine (director/screenplay); Matthew McConaughey Zac Efron Jonah Hill Harmony Korine Comedy Drama
"Chuck Konzelman, Cary Soloman",Chuck Konzelman,Cary Soloman (director/screenplay); Ashley Bratcher,Robia Scott,Drama,unplanned,"Chuck Konzelman Cary Soloman (director/screenplay); Ashley Bratcher Robia Scott Chuck Konzelman, Cary Soloman Drama"
David F. Sandberg,David F. Sandberg (director); Henry Gayden (screenplay); Zachary Levi,Asher Angel,Mark Strong,Action Comedy Fantasy,shazam!,David F. Sandberg (director); Henry Gayden (screenplay); Zachary Levi Asher Angel Mark Strong David F. Sandberg Action Comedy Fantasy
"Kevin Kolsch, Dennis Widmyer",Kevin Kolsch,Amy Seimetz,John Lithgow,Horror,pet sematary,"Kevin Kolsch Amy Seimetz John Lithgow Kevin Kolsch, Dennis Widmyer Horror"
Robin Bissell,Robin Bissell (director/screenplay); Taraji P. Henson,Sam Rockwell,unknown,Drama History,the best of enemies,Robin Bissell (director/screenplay); Taraji P. Henson Sam Rockwell unknown Robin Bissell Drama History
Claire Denis,Claire Denis (director/screenplay); Jean-Pol Fargeau (screenplay); Robert Pattinson,Juliette Binoche,André Benjamin,Science Fiction Drama Mystery,high life,Claire Denis (director/screenplay); Jean-Pol Fargeau (screenplay); Robert Pattinson Juliette Binoche André Benjamin Claire Denis Science Fiction Drama Mystery
Brie Larson,Brie Larson (director); Samantha McIntyre (screenplay); Brie Larson,Samuel L. Jackson,Joan Cusack,Fantasy Drama Comedy,unicorn store,Brie Larson (director); Samantha McIntyre (screenplay); Brie Larson Samuel L. Jackson Joan Cusack Brie Larson Fantasy Drama Comedy
Daniel Farrands,Daniel Farrands (director/screenplay); Hilary Duff,Jonathan Bennett,Lydia Hearst,Horror Thriller,the haunting of sharon tate,Daniel Farrands (director/screenplay); Hilary Duff Jonathan Bennett Lydia Hearst Daniel Farrands Horror Thriller
Emma Tammi,Emma Tammi (director); Teresa Sutherland (screenplay); Caitlin Gerard,Ashley Zukerman,Julia Goldani Telles,Drama War Romance,the wind,Emma Tammi (director); Teresa Sutherland (screenplay); Caitlin Gerard Ashley Zukerman Julia Goldani Telles Emma Tammi Drama War Romance
Rashid Johnson,Rashid Johnson (director); Suzan-Lori Parks (screenplay); Ashton Sanders,Margaret Qualley,Nick Robinson,Drama,native son,Rashid Johnson (director); Suzan-Lori Parks (screenplay); Ashton Sanders Margaret Qualley Nick Robinson Rashid Johnson Drama
John R. Leonetti,John R. Leonetti (director); Carey Van Dyke,Stanley Tucci,Miranda Otto,Horror Drama Thriller Fantasy,the silence,John R. Leonetti (director); Carey Van Dyke Stanley Tucci Miranda Otto John R. Leonetti Horror Drama Thriller Fantasy
Neil Marshall,Neil Marshall (director); Andrew Cosby (screenplay); David Harbour,Milla Jovovich,Ian McShane,Fantasy Horror Action Adventure,hellboy,Neil Marshall (director); Andrew Cosby (screenplay); David Harbour Milla Jovovich Ian McShane Neil Marshall Fantasy Horror Action Adventure
Tina Gordon,Tina Gordon (director); Camilla Blackett (screenplay); Issa Rae,Regina Hall,Marsai Martin,Drama Romance,little,Tina Gordon (director); Camilla Blackett (screenplay); Issa Rae Regina Hall Marsai Martin Tina Gordon Drama Romance
Chris Butler,Chris Butler (director/screenplay); Hugh Jackman,Zach Galifianakis,Zoe Saldaña,Family Animation Comedy Adventure Action,missing link,Chris Butler (director/screenplay); Hugh Jackman Zach Galifianakis Zoe Saldaña Chris Butler Family Animation Comedy Adventure Action
Jenny Gage,Jenny Gage (director/screenplay); Susan McMartin,Hero Fiennes Tiffin,Selma Blair,Drama Romance,after,Jenny Gage (director/screenplay); Susan McMartin Hero Fiennes Tiffin Selma Blair Jenny Gage Drama Romance
Alex Ross Perry,Alex Ross Perry (director/screenplay); Elisabeth Moss,Cara Delevingne,Dan Stevens,Drama Music,her smell,Alex Ross Perry (director/screenplay); Elisabeth Moss Cara Delevingne Dan Stevens Alex Ross Perry Drama Music
Roxann Dawson,Roxann Dawson (director); Grant Nieporte (screenplay); Chrissy Metz,Josh Lucas,Topher Grace,Drama,breakthrough,Roxann Dawson (director); Grant Nieporte (screenplay); Chrissy Metz Josh Lucas Topher Grace Roxann Dawson Drama
Alastair Fothergill,Alastair Fothergill (director),Jeff Wilson (co-director); Ed Helms,unknown,Family Animation Adventure Comedy,penguins,Alastair Fothergill (director) Jeff Wilson (co-director); Ed Helms unknown Alastair Fothergill Family Animation Adventure Comedy
Michael Chaves,Michael Chaves (director); Mikki Daughtry,Raymond Cruz,Patricia Velasquez,Horror,the curse of la llorona,Michael Chaves (director); Mikki Daughtry Raymond Cruz Patricia Velasquez Michael Chaves Horror
David Robert Mitchell,David Robert Mitchell (director/screenplay); Andrew Garfield,Riley Keough,Topher Grace,Crime Drama Mystery,under the silver lake,David Robert Mitchell (director/screenplay); Andrew Garfield Riley Keough Topher Grace David Robert Mitchell Crime Drama Mystery
Laura Steinel,Laura Steinel (director/screenplay); Taylor Schilling,Brian Tyree Henry,Bryn Vale,Action Comedy Adventure,family,Laura Steinel (director/screenplay); Taylor Schilling Brian Tyree Henry Bryn Vale Laura Steinel Action Comedy Adventure
Julia Hart,Julia Hart (director/screenplay); Jordan Horowitz (screenplay); Gugu Mbatha-Raw,Lorraine Toussaint,Saniyya Sidney,Thriller Science Fiction,fast color,Julia Hart (director/screenplay); Jordan Horowitz (screenplay); Gugu Mbatha-Raw Lorraine Toussaint Saniyya Sidney Julia Hart Thriller Science Fiction
Jennifer Kaytin Robinson,Jennifer Kaytin Robinson (director/screenplay); Gina Rodriguez,Brittany Snow,DeWanda Wise,Comedy Romance,someone great,Jennifer Kaytin Robinson (director/screenplay); Gina Rodriguez Brittany Snow DeWanda Wise Jennifer Kaytin Robinson Comedy Romance
Meir Zarchi,Meir Zarchi (director/screenplay); Camille Keaton,Maria Olsen,Meir Zarchi,Horror,i spit on your grave: deja vu,Meir Zarchi (director/screenplay); Camille Keaton Maria Olsen Meir Zarchi Meir Zarchi Horror
Anthony and Joe Russo,Anthony and Joe Russo (directors); Christopher Markus and Stephen McFeely (screenplay); Robert Downey Jr.,Chris Evans,Mark Ruffalo,Adventure Science Fiction Action,avengers: endgame,Anthony and Joe Russo (directors); Christopher Markus and Stephen McFeely (screenplay); Robert Downey Jr. Chris Evans Mark Ruffalo Anthony and Joe Russo Adventure Science Fiction Action
Josh Lobo,Josh Lobo (director/screenplay); A. J. Bowen,Scott Poythress,Susan Burke,Horror Mystery Drama,i trapped the devil,Josh Lobo (director/screenplay); A. J. Bowen Scott Poythress Susan Burke Josh Lobo Horror Mystery Drama
Roxanne Benjamin,Roxanne Benjamin (director/screenplay); Karina Fontes,Casey Adams,Emily Althaus,Horror Thriller,body at brighton rock,Roxanne Benjamin (director/screenplay); Karina Fontes Casey Adams Emily Althaus Roxanne Benjamin Horror Thriller
Tanya Wexler,Tanya Wexler (director); Brian Sacca (screenplay); Zoey Deutch,Jermaine Fowler,Judy Greer,Comedy Drama,buffaloed,Tanya Wexler (director); Brian Sacca (screenplay); Zoey Deutch Jermaine Fowler Judy Greer Tanya Wexler Comedy Drama
Jonathan Levine,Jonathan Levine (director); Dan Sterling (screenplay); Seth Rogen,Charlize Theron,O'Shea Jackson Jr.,Comedy Romance,long shot,Jonathan Levine (director); Dan Sterling (screenplay); Seth Rogen Charlize Theron O'Shea Jackson Jr. Jonathan Levine Comedy Romance
Deon Taylor,Deon Taylor (director); David Loughery (screenplay); Dennis Quaid,Michael Ealy,Meagan Good,Thriller,the intruder,Deon Taylor (director); David Loughery (screenplay); Dennis Quaid Michael Ealy Meagan Good Deon Taylor Thriller
Kelly Asbury,Kelly Asbury (director); Alison Peck (screenplay); Kelly Clarkson,Pitbull,Nick Jonas,Animation Music Family Comedy,uglydolls,Kelly Asbury (director); Alison Peck (screenplay); Kelly Clarkson Pitbull Nick Jonas Kelly Asbury Animation Music Family Comedy
Joe Berlinger,Joe Berlinger (director); Michael Werwie (screenplay); Zac Efron,Lily Collins,Kaya Scodelario,Drama Crime,"extremely wicked, shockingly evil and vile",Joe Berlinger (director); Michael Werwie (screenplay); Zac Efron Lily Collins Kaya Scodelario Joe Berlinger Drama Crime
William Bindley,William Bindley (director); Scott Bindley; William Bindley (screenplay); KJ Apa,Maia Mitchell,Jacob Latimore,Romance Comedy,the last summer,William Bindley (director); Scott Bindley; William Bindley (screenplay); KJ Apa Maia Mitchell Jacob Latimore William Bindley Romance Comedy
Rob Letterman,Rob Letterman (director/screenplay); Dan Hernandez,Justice Smith,Kathryn Newton,Action Adventure Fantasy,pokémon detective pikachu,Rob Letterman (director/screenplay); Dan Hernandez Justice Smith Kathryn Newton Rob Letterman Action Adventure Fantasy
Chris Addison,Chris Addison (director); Jac Schaeffer (screenplay); Anne Hathaway,Rebel Wilson,Alex Sharp,Comedy Crime,the hustle,Chris Addison (director); Jac Schaeffer (screenplay); Anne Hathaway Rebel Wilson Alex Sharp Chris Addison Comedy Crime
Dome Karukoski,Dome Karukoski (director); David Gleeson,Lily Collins,Colm Meaney,War Drama Romance,tolkien,Dome Karukoski (director); David Gleeson Lily Collins Colm Meaney Dome Karukoski War Drama Romance
Zara Hayes,Zara Hayes (director/screenplay); Shane Atkinson (screenplay); Diane Keaton,Jacki Weaver,Pam Grier,Comedy Drama,poms,Zara Hayes (director/screenplay); Shane Atkinson (screenplay); Diane Keaton Jacki Weaver Pam Grier Zara Hayes Comedy Drama
"P.B. Shemran (director, screenplay); Todd Komarnicki (screenplay); Mel Gibson, Sean Penn, Natalie Dormer, Eddie Marsan, Jennifer Ehle, David O'Hara, Ioan Gruffudd, Stephen Dillane, Steve Coogan",P.B. Shemran (director,Sean Penn,Natalie Dormer,History Drama Mystery Thriller,the professor and the madman,"P.B. Shemran (director Sean Penn Natalie Dormer P.B. Shemran (director, screenplay); Todd Komarnicki (screenplay); Mel Gibson, Sean Penn, Natalie Dormer, Eddie Marsan, Jennifer Ehle, David O'Hara, Ioan Gruffudd, Stephen Dillane, Steve Coogan History Drama Mystery Thriller"
Chad Stahelski,Chad Stahelski (director); Derek Kolstad (screenplay); Keanu Reeves,Halle Berry,Laurence Fishburne,Action Thriller Crime,john wick: chapter 3 – parabellum,Chad Stahelski (director); Derek Kolstad (screenplay); Keanu Reeves Halle Berry Laurence Fishburne Chad Stahelski Action Thriller Crime
Gail Mancuso,Gail Mancuso (director); W. Bruce Cameron,Josh Gad,Marg Helgenberger,Family Adventure Drama,a dog's journey,Gail Mancuso (director); W. Bruce Cameron Josh Gad Marg Helgenberger Gail Mancuso Family Adventure Drama
Ry Russo-Young,Ry Russo-Young (director); Tracy Oliver (screenplay); Yara Shahidi,Charles Melton,John Leguizamo,Romance Drama,the sun is also a star,Ry Russo-Young (director); Tracy Oliver (screenplay); Yara Shahidi Charles Melton John Leguizamo Ry Russo-Young Romance Drama
Wayne Roberts,Wayne Roberts (director/screenplay); Johnny Depp,Rosemarie DeWitt,Danny Huston,Comedy Drama,the professor,Wayne Roberts (director/screenplay); Johnny Depp Rosemarie DeWitt Danny Huston Wayne Roberts Comedy Drama
Joanna Hogg,Joanna Hogg (director/screenplay); Honor Swinton Byrne,Tom Burke,Tilda Swinton,Romance Drama,the souvenir,Joanna Hogg (director/screenplay); Honor Swinton Byrne Tom Burke Tilda Swinton Joanna Hogg Romance Drama
"Noble Jones (director, screenplay); John Lithgow, Blythe Danner, Derek Cecil, Katie Aselton, Sophie Thatcher, Eve Harlow",Noble Jones (director,screenplay); John Lithgow,Derek Cecil,Drama Romance,the tomorrow man,"Noble Jones (director screenplay); John Lithgow Derek Cecil Noble Jones (director, screenplay); John Lithgow, Blythe Danner, Derek Cecil, Katie Aselton, Sophie Thatcher, Eve Harlow Drama Romance"
Guy Ritchie,Guy Ritchie (director/screenplay); John August (screenplay); Mena Massoud,Will Smith,Naomi Scott,Animation Family Adventure Fantasy Romance,aladdin,Guy Ritchie (director/screenplay); John August (screenplay); Mena Massoud Will Smith Naomi Scott Guy Ritchie Animation Family Adventure Fantasy Romance
David Yarovesky,David Yarovesky (director); Brian Gunn,David Denman,Jackson A. Dunn,Horror Science Fiction,brightburn,David Yarovesky (director); Brian Gunn David Denman Jackson A. Dunn David Yarovesky Horror Science Fiction
Olivia Wilde,Olivia Wilde (director); Emily Halpern,Beanie Feldstein,Jessica Williams,Comedy,booksmart,Olivia Wilde (director); Emily Halpern Beanie Feldstein Jessica Williams Olivia Wilde Comedy
Richard Shepard,Richard Shepard (director/screenplay); Eric Charmelo,Logan Browning,Steven Weber,Horror Thriller Drama,the perfection,Richard Shepard (director/screenplay); Eric Charmelo Logan Browning Steven Weber Richard Shepard Horror Thriller Drama
Nahnatchka Khan,Nahnatchka Khan (director); Ali Wong,Randall Park,Daniel Dae Kim,Romance Comedy,always be my maybe,Nahnatchka Khan (director); Ali Wong Randall Park Daniel Dae Kim Nahnatchka Khan Romance Comedy
Daniel Minahan,Daniel Minahan (director); David Milch (screenplay); Timothy Olyphant,Ian McShane,Molly Parker,Western Drama TV Movie,deadwood: the movie,Daniel Minahan (director); David Milch (screenplay); Timothy Olyphant Ian McShane Molly Parker Daniel Minahan Western Drama TV Movie
Michael Dougherty,Michael Dougherty (director/screenplay); Zach Shields,Vera Farmiga,Millie Bobby Brown,Science Fiction Action,godzilla: king of the monsters,Michael Dougherty (director/screenplay); Zach Shields Vera Farmiga Millie Bobby Brown Michael Dougherty Science Fiction Action
Dexter Fletcher,Dexter Fletcher (director); Lee Hall (screenplay); Taron Egerton,Jamie Bell,Richard Madden,Music Drama,rocketman,Dexter Fletcher (director); Lee Hall (screenplay); Taron Egerton Jamie Bell Richard Madden Dexter Fletcher Music Drama
Tate Taylor,Tate Taylor (director/screenplay); Scotty Landes (screenplay); Octavia Spencer,Juliette Lewis,Diana Silvers,Horror Thriller,ma,Tate Taylor (director/screenplay); Scotty Landes (screenplay); Octavia Spencer Juliette Lewis Diana Silvers Tate Taylor Horror Thriller
Simon Kinberg,Simon Kinberg (director/screenplay); James McAvoy,Michael Fassbender,Jennifer Lawrence,Science Fiction Action Adventure,dark phoenix,Simon Kinberg (director/screenplay); James McAvoy Michael Fassbender Jennifer Lawrence Simon Kinberg Science Fiction Action Adventure
Chris Renaud,Chris Renaud (director); Jonathan del Val (co-director); Brian Lynch (screenplay); Patton Oswalt,Eric Stonestreet,Kevin Hart,Adventure Animation Comedy Family,the secret life of pets 2,Chris Renaud (director); Jonathan del Val (co-director); Brian Lynch (screenplay); Patton Oswalt Eric Stonestreet Kevin Hart Chris Renaud Adventure Animation Comedy Family
Nisha Ganatra,Nisha Ganatra (director); Mindy Kaling (screenplay); Emma Thompson,Mindy Kaling,Max Casella,Comedy Drama,late night,Nisha Ganatra (director); Mindy Kaling (screenplay); Emma Thompson Mindy Kaling Max Casella Nisha Ganatra Comedy Drama
Joe Talbot,Joe Talbot (director/screenplay); Rob Richert (screenplay); Jimmie Fails,Jonathan Majors,Danny Glover,Drama,the last black man in san francisco,Joe Talbot (director/screenplay); Rob Richert (screenplay); Jimmie Fails Jonathan Majors Danny Glover Joe Talbot Drama
Seth Green,Seth Green (director/screenplay); Breckin Meyer,Macaulay Culkin,Brenda Song,Comedy Drama,changeland,Seth Green (director/screenplay); Breckin Meyer Macaulay Culkin Brenda Song Seth Green Comedy Drama
F. Gary Gray,F. Gary Gray (director); Art Marcum and Matt Holloway (screenplay); Chris Hemsworth,Tessa Thompson,Kumail Nanjiani,Comedy Science Fiction Action Adventure,men in black: international,F. Gary Gray (director); Art Marcum and Matt Holloway (screenplay); Chris Hemsworth Tessa Thompson Kumail Nanjiani F. Gary Gray Comedy Science Fiction Action Adventure
Tim Story,Tim Story (director); Kenya Barris,Jessie Usher,Richard Roundtree,Action Adventure Crime Thriller,shaft,Tim Story (director); Kenya Barris Jessie Usher Richard Roundtree Tim Story Action Adventure Crime Thriller
Jim Jarmusch,Jim Jarmusch (director/screenplay); Bill Murray,Adam Driver,Tilda Swinton,Comedy Horror,the dead don't die,Jim Jarmusch (director/screenplay); Bill Murray Adam Driver Tilda Swinton Jim Jarmusch Comedy Horror
Kyle Newacheck,Kyle Newacheck (director); James Vanderbilt (screenplay); Adam Sandler,Jennifer Aniston,Luke Evans,Comedy Mystery,murder mystery,Kyle Newacheck (director); James Vanderbilt (screenplay); Adam Sandler Jennifer Aniston Luke Evans Kyle Newacheck Comedy Mystery
"Jeff Chan, Andrew Rhymer",Jeff Chan,Andrew Rhymer (director/screenplay); Maya Erskine,Beck Bennett,Comedy Romance,plus one,"Jeff Chan Andrew Rhymer (director/screenplay); Maya Erskine Beck Bennett Jeff Chan, Andrew Rhymer Comedy Romance"
Miranda Bailey,Miranda Bailey (director); Glen Lakin (screenplay); Jim Gaffigan,Logan Miller,Samantha Mathis,Comedy,being frank,Miranda Bailey (director); Glen Lakin (screenplay); Jim Gaffigan Logan Miller Samantha Mathis Miranda Bailey Comedy
Josh Cooley,Josh Cooley (director); Stephany Folsom,Tim Allen,Annie Potts,Family Comedy Animation Adventure,toy story 4,Josh Cooley (director); Stephany Folsom Tim Allen Annie Potts Josh Cooley Family Comedy Animation Adventure
Luc Besson,Luc Besson (director); Luc Besson,Helen Mirren,Luke Evans,Action Adventure Thriller,anna,Luc Besson (director); Luc Besson Helen Mirren Luke Evans Luc Besson Action Adventure Thriller
Lars Klevberg,Lars Klevberg (director); Tyler Burton Smith (screenplay); Aubrey Plaza,Gabriel Bateman,Brian Tyree Henry,Horror,child's play,Lars Klevberg (director); Tyler Burton Smith (screenplay); Aubrey Plaza Gabriel Bateman Brian Tyree Henry Lars Klevberg Horror
Gary Dauberman,Gary Dauberman (director/screenplay); Mckenna Grace,Madison Iseman,Katie Sarife,Horror,annabelle comes home,Gary Dauberman (director/screenplay); Mckenna Grace Madison Iseman Katie Sarife Gary Dauberman Horror
Danny Boyle,Danny Boyle (director); Richard Curtis (screenplay); Himesh Patel,Lily James,Ed Sheeran,Comedy Fantasy Music Romance,yesterday,Danny Boyle (director); Richard Curtis (screenplay); Himesh Patel Lily James Ed Sheeran Danny Boyle Comedy Fantasy Music Romance
Claire McCarthy,Claire McCarthy (director); Semi Chellas (screenplay); Daisy Ridley,Naomi Watts,Clive Owen,Drama Romance History,ophelia,Claire McCarthy (director); Semi Chellas (screenplay); Daisy Ridley Naomi Watts Clive Owen Claire McCarthy Drama Romance History
Martin Owen,Martin Owen (director/screenplay); Elizabeth Morris,Rhyon Nicole Brown,Jessica Alba,Action Thriller Crime Mystery,killers anonymous,Martin Owen (director/screenplay); Elizabeth Morris Rhyon Nicole Brown Jessica Alba Martin Owen Action Thriller Crime Mystery
Jon Watts,Jon Watts (director); Chris McKenna,Samuel L. Jackson,Zendaya,Action Adventure Science Fiction,spider-man: far from home,Jon Watts (director); Chris McKenna Samuel L. Jackson Zendaya Jon Watts Action Adventure Science Fiction
John Herzfeld,John Herzfeld (director); John Herzfeld,Curtis Jackson,Dave Bautista,Action Thriller Crime,escape plan: the extractors,John Herzfeld (director); John Herzfeld Curtis Jackson Dave Bautista John Herzfeld Action Thriller Crime
Ari Aster,Ari Aster (director/screenplay); Florence Pugh,Jack Reynor,William Jackson Harper,Horror Drama Mystery,midsommar,Ari Aster (director/screenplay); Florence Pugh Jack Reynor William Jackson Harper Ari Aster Horror Drama Mystery
Michael Dowse,Michael Dowse (director); Tripper Clancy (screenplay); Kumail Nanjiani,Dave Bautista,Iko Uwais,Action Comedy,stuber,Michael Dowse (director); Tripper Clancy (screenplay); Kumail Nanjiani Dave Bautista Iko Uwais Michael Dowse Action Comedy
Alexandre Aja,Alexandre Aja (director); Shawn Rasmussen,Barry Pepper,unknown,Horror Thriller,crawl,Alexandre Aja (director); Shawn Rasmussen Barry Pepper unknown Alexandre Aja Horror Thriller
Joe Lynch,Joe Lynch (director); Adam G. Simon (screenplay); Frank Grillo,Anthony Mackie,Marcia Gay Harden,Action Thriller,point blank,Joe Lynch (director); Adam G. Simon (screenplay); Frank Grillo Anthony Mackie Marcia Gay Harden Joe Lynch Action Thriller
Lulu Wang,Lulu Wang (director/screenplay); Awkwafina,Tzi Ma,Diana Lin,Comedy Drama,the farewell,Lulu Wang (director/screenplay); Awkwafina Tzi Ma Diana Lin Lulu Wang Comedy Drama
Pollyanna Mcintosh,Pollyanna Mcintosh (director/screenplay); Pollyanna McIntosh,Cooper Andrews,Nora-Jane Noone,Horror Thriller Mystery,darlin',Pollyanna Mcintosh (director/screenplay); Pollyanna McIntosh Cooper Andrews Nora-Jane Noone Pollyanna Mcintosh Horror Thriller Mystery
Jon Favreau,Jon Favreau (director); Jeff Nathanson (screenplay); Donald Glover,Seth Rogen,Chiwetel Ejiofor,Animation Family Drama,the lion king,Jon Favreau (director); Jeff Nathanson (screenplay); Donald Glover Seth Rogen Chiwetel Ejiofor Jon Favreau Animation Family Drama
Quentin Tarantino,Quentin Tarantino (director/screenplay); Leonardo DiCaprio,Brad Pitt,Margot Robbie,Comedy Drama Thriller,once upon a time in hollywood,Quentin Tarantino (director/screenplay); Leonardo DiCaprio Brad Pitt Margot Robbie Quentin Tarantino Comedy Drama Thriller
Guy Nattiv,Guy Nattiv (director/screenplay); Jamie Bell,Danielle Macdonald,Daniel Henshall,Drama,skin,Guy Nattiv (director/screenplay); Jamie Bell Danielle Macdonald Daniel Henshall Guy Nattiv Drama
Tony Olmos,Tony Olmos (director/screenplay); Brian Patrick Butler,George Jac,Jennifer Paredes,Action Crime Drama Science Fiction Thriller,south of 8,Tony Olmos (director/screenplay); Brian Patrick Butler George Jac Jennifer Paredes Tony Olmos Action Crime Drama Science Fiction Thriller
Gideon Raff,Gideon Raff (director/screenplay); Chris Evans,Haley Bennett,Michael K. Williams,Drama Thriller History,the red sea diving resort,Gideon Raff (director/screenplay); Chris Evans Haley Bennett Michael K. Williams Gideon Raff Drama Thriller History
David Leitch,David Leitch (director); Chris Morgan,Jason Statham,Idris Elba,Action Adventure Comedy,hobbs & shaw,David Leitch (director); Chris Morgan Jason Statham Idris Elba David Leitch Action Adventure Comedy
Shawn Ku,Shawn Ku (director); John Stuart Newman,Benjamin Bratt,unknown,Action Crime Drama Thriller,a score to settle,Shawn Ku (director); John Stuart Newman Benjamin Bratt unknown Shawn Ku Action Crime Drama Thriller
Yuval Adler,Yuval Adler (director/screenplay); Diane Kruger,Martin Freeman,Cas Anvar,Drama Thriller,the operative,Yuval Adler (director/screenplay); Diane Kruger Martin Freeman Cas Anvar Yuval Adler Drama Thriller
James Bobin,James Bobin (director); Nicholas Stoller,Eugenio Derbez,Michael Peña,Family Comedy Adventure,dora and the lost city of gold,James Bobin (director); Nicholas Stoller Eugenio Derbez Michael Peña James Bobin Family Comedy Adventure
Andrea Berloff,Andrea Berloff (director/screenplay); Melissa McCarthy,Tiffany Haddish,Elisabeth Moss,Science Fiction Thriller Drama Adventure Comedy,the kitchen,Andrea Berloff (director/screenplay); Melissa McCarthy Tiffany Haddish Elisabeth Moss Andrea Berloff Science Fiction Thriller Drama Adventure Comedy
Simon Curtis,Simon Curtis (director); Mark Bomback (screenplay); Milo Ventimiglia,Amanda Seyfried,Kathy Baker,Drama Romance,the art of racing in the rain,Simon Curtis (director); Mark Bomback (screenplay); Milo Ventimiglia Amanda Seyfried Kathy Baker Simon Curtis Drama Romance
André Øvredal,André Øvredal (director); Dan Hageman,Michael Garza,Gabriel Rush,Horror Mystery,scary stories to tell in the dark,André Øvredal (director); Dan Hageman Michael Garza Gabriel Rush André Øvredal Horror Mystery
"Tyler Nilson, Michael Schwartz",Tyler Nilson,Michael Schwartz (director/screenplay); Shia LaBeouf,John Hawkes,Adventure Comedy Drama,the peanut butter falcon,"Tyler Nilson Michael Schwartz (director/screenplay); Shia LaBeouf John Hawkes Tyler Nilson, Michael Schwartz Adventure Comedy Drama"
Bart Freundlich,Bart Freundlich (director/screenplay); Michelle Williams,Julianne Moore,Billy Crudup,Drama,after the wedding,Bart Freundlich (director/screenplay); Michelle Williams Julianne Moore Billy Crudup Bart Freundlich Drama
Casey Affleck,Casey Affleck (director/screenplay); Casey Affleck,Anna Pniowsky,Tom Bower,Science Fiction Drama,light of my life,Casey Affleck (director/screenplay); Casey Affleck Anna Pniowsky Tom Bower Casey Affleck Science Fiction Drama
Thurop Van Orman,Thurop Van Orman (director),Josh Gad,Leslie Jones,Animation Adventure Comedy Family,the angry birds movie 2,Thurop Van Orman (director) Josh Gad Leslie Jones Thurop Van Orman Animation Adventure Comedy Family
Gene Stupnitsky,Gene Stupnitsky (director/screenplay); Lee Eisenberg (screenplay); Jacob Tremblay,Brady Noon,Keith L. Williams,Comedy,good boys,Gene Stupnitsky (director/screenplay); Lee Eisenberg (screenplay); Jacob Tremblay Brady Noon Keith L. Williams Gene Stupnitsky Comedy
Gurinder Chadha,Gurinder Chadha (director/screenplay); Paul Mayeda Berges,Kulvinder Ghir,Meera Ganatra,Drama Comedy,blinded by the light,Gurinder Chadha (director/screenplay); Paul Mayeda Berges Kulvinder Ghir Meera Ganatra Gurinder Chadha Drama Comedy
Richard Linklater,Richard Linklater (director/screenplay); Holly Gent,Billy Crudup,Emma Nelson,Comedy Drama,"where'd you go, bernadette",Richard Linklater (director/screenplay); Holly Gent Billy Crudup Emma Nelson Richard Linklater Comedy Drama
Johannes Roberts,Johannes Roberts (director/screenplay); Ernest Riera (screenplay); John Corbett,Nia Long,Sophie Nelisse,Horror Thriller,47 meters down: uncaged,Johannes Roberts (director/screenplay); Ernest Riera (screenplay); John Corbett Nia Long Sophie Nelisse Johannes Roberts Horror Thriller
William McGregor,William McGregor (director/screenplay); Maxine Peake,Eleanor Worthington Cox,Richard Harrington,Comedy,gwen,William McGregor (director/screenplay); Maxine Peake Eleanor Worthington Cox Richard Harrington William McGregor Comedy
"Matt Bettinelli-Olpin, Tyler Gillett",Matt Bettinelli-Olpin,Adam Brody,Mark O'Brien,Thriller Horror Comedy,ready or not,"Matt Bettinelli-Olpin Adam Brody Mark O'Brien Matt Bettinelli-Olpin, Tyler Gillett Thriller Horror Comedy"
Ric Roman Waugh,Ric Roman Waugh (director); Creighton Rothenberger,Morgan Freeman,Jada Pinkett Smith,Action Thriller,angel has fallen,Ric Roman Waugh (director); Creighton Rothenberger Morgan Freeman Jada Pinkett Smith Ric Roman Waugh Action Thriller
Paul Downs Colaizzo,Paul Downs Colaizzo (director/screenplay); Jillian Bell,Michaela Watkins,Utkarsh Ambudkar,Comedy Drama,brittany runs a marathon,Paul Downs Colaizzo (director/screenplay); Jillian Bell Michaela Watkins Utkarsh Ambudkar Paul Downs Colaizzo Comedy Drama
Alex Kendrick,Alex Kendrick (director/screenplay); Stephen Kendrick (screenplay); Alex Kendrick,Priscilla Shirer,Ben Davies,Drama,overcomer,Alex Kendrick (director/screenplay); Stephen Kendrick (screenplay); Alex Kendrick Priscilla Shirer Ben Davies Alex Kendrick Drama
David M. Rosenthal,David M. Rosenthal (director); Jeff Buhler,Jesse Williams,Nicole Beharie,Drama Mystery Horror,jacob's ladder,David M. Rosenthal (director); Jeff Buhler Jesse Williams Nicole Beharie David M. Rosenthal Drama Mystery Horror
Mike Gan,Mike Gan (director/screenplay); Tilda Cobham-Hervey,Suki Waterhouse,Harry Shum Jr.,Thriller Crime Action,burn,Mike Gan (director/screenplay); Tilda Cobham-Hervey Suki Waterhouse Harry Shum Jr. Mike Gan Thriller Crime Action
Gavin Hood,Gavin Hood (director/screenplay); Gregory Bernstein,Matt Smith,Matthew Goode,Thriller History Drama,official secrets,Gavin Hood (director/screenplay); Gregory Bernstein Matt Smith Matthew Goode Gavin Hood Thriller History Drama
Jacob Aaron Estes,Jacob Aaron Estes (director); Jacob Aaron Estes (screenplay); Jacob Aaron Estes,Drew Daywalt (story); David Oyelowo,Storm Reid,Horror Mystery Science Fiction Thriller,don't let go,Jacob Aaron Estes (director); Jacob Aaron Estes (screenplay); Jacob Aaron Estes Drew Daywalt (story); David Oyelowo Storm Reid Jacob Aaron Estes Horror Mystery Science Fiction Thriller
Micah Gallo,Micah Gallo (director); Jason Alvino,Denise Crosby,Elizabeth Roberts,Horror Thriller,itsy bitsy,Micah Gallo (director); Jason Alvino Denise Crosby Elizabeth Roberts Micah Gallo Horror Thriller
Fred Durst,Fred Durst (director/screenplay),Devon Sawa,Ana Golja,Crime Thriller,the fanatic,Fred Durst (director/screenplay) Devon Sawa Ana Golja Fred Durst Crime Thriller
Matthew Thompson,Matthew Thompson (director/screenplay); Josh Pinkowski,Izzy Pollak,Blake Kevin Dwyer,Family,"debunkers, inc.",Matthew Thompson (director/screenplay); Josh Pinkowski Izzy Pollak Blake Kevin Dwyer Matthew Thompson Family
Andy Muschietti,Andy Muschietti (director); Gary Dauberman (screenplay); Bill Skarsgård,James McAvoy,Jessica Chastain,Horror Thriller Drama,it chapter two,Andy Muschietti (director); Gary Dauberman (screenplay); Bill Skarsgård James McAvoy Jessica Chastain Andy Muschietti Horror Thriller Drama
Chelsea Stardust,Chelsea Stardust (director); Grady Hendrix (screenplay); Hayley Griffith,Ruby Modine,Arden Myrin,Horror,satanic panic,Chelsea Stardust (director); Grady Hendrix (screenplay); Hayley Griffith Ruby Modine Arden Myrin Chelsea Stardust Horror
Rowan Athale,Rowan Athale (director); Eric Garcia (screenplay); Amy Ryan,Nick Robinson,Margaret Qualley,Thriller,strange but true,Rowan Athale (director); Eric Garcia (screenplay); Amy Ryan Nick Robinson Margaret Qualley Rowan Athale Thriller
Ali LeRoi,Ali LeRoi (director); Stanley Kalu (screenplay); Steven Silver,Nicola Peltz,unknown,Drama Thriller,the obituary of tunde johnson,Ali LeRoi (director); Stanley Kalu (screenplay); Steven Silver Nicola Peltz unknown Ali LeRoi Drama Thriller
John Crowley,John Crowley (director); Peter Straughan (screenplay); Ansel Elgort,Oakes Fegley,Aneurin Barnard,Drama,the goldfinch,John Crowley (director); Peter Straughan (screenplay); Ansel Elgort Oakes Fegley Aneurin Barnard John Crowley Drama
Lorene Scafaria,Lorene Scafaria (director/screenplay); Constance Wu,Jennifer Lopez,Julia Stiles,Drama Comedy Crime,hustlers,Lorene Scafaria (director/screenplay); Constance Wu Jennifer Lopez Julia Stiles Lorene Scafaria Drama Comedy Crime
Michael Tyburski,Michael Tyburski (director/screenplay); Ben Nabors (screenplay); Rashida Jones,Peter Sarsgaard,Tony Revolori,Drama,the sound of silence,Michael Tyburski (director/screenplay); Ben Nabors (screenplay); Rashida Jones Peter Sarsgaard Tony Revolori Michael Tyburski Drama
Alejandro Landes,Alejandro Landes (director); Alejandro Landes,Moisés Arias,unknown,Drama Thriller Crime War,monos,Alejandro Landes (director); Alejandro Landes Moisés Arias unknown Alejandro Landes Drama Thriller Crime War
Nzingha Stewart,Nzingha Stewart (director); Sam Wolfson (screenplay); Ava Michelle,Griffin Gluck,Luke Eisner,Comedy Drama Romance,tall girl,Nzingha Stewart (director); Sam Wolfson (screenplay); Ava Michelle Griffin Gluck Luke Eisner Nzingha Stewart Comedy Drama Romance
James Gray,James Gray (director/screenplay); Ethan Gross (screenplay); Brad Pitt,Tommy Lee Jones,Ruth Negga,Science Fiction Drama,ad astra,James Gray (director/screenplay); Ethan Gross (screenplay); Brad Pitt Tommy Lee Jones Ruth Negga James Gray Science Fiction Drama
Michael Engler,Michael Engler (director); Julian Fellowes (screenplay); Hugh Bonneville,Jim Carter,Michelle Dockery,Drama Romance History,downton abbey,Michael Engler (director); Julian Fellowes (screenplay); Hugh Bonneville Jim Carter Michelle Dockery Michael Engler Drama Romance History
Adrian Grunberg,Adrian Grunberg (director); Sylvester Stallone,Adriana Barraza,Paz Vega,Action Thriller Drama,rambo: last blood,Adrian Grunberg (director); Sylvester Stallone Adriana Barraza Paz Vega Adrian Grunberg Action Thriller Drama
Henry Jacobson,Henry Jacobson (director); Avra Fox-Lerne,Mariela Garriga,Dale Dickey,Horror Thriller,bloodline,Henry Jacobson (director); Avra Fox-Lerne Mariela Garriga Dale Dickey Henry Jacobson Horror Thriller
Jason Cabell,Jason Cabell (director/screenplay); Nicolas Cage,Laurence Fishburne,unknown,Crime Drama Thriller,running with the devil,Jason Cabell (director/screenplay); Nicolas Cage Laurence Fishburne unknown Jason Cabell Crime Drama Thriller
Brad Anderson,Brad Anderson (director); Alan B. McElroy (screenplay); Sam Worthington,Lily Rabe,Stephen Tobolowsky,Thriller Drama,fractured,Brad Anderson (director); Alan B. McElroy (screenplay); Sam Worthington Lily Rabe Stephen Tobolowsky Brad Anderson Thriller Drama
Jill Culton,Jill Culton (director/screenplay); Todd Wilderman (co-director); Chloe Bennet,Albert Tsai,Tenzing Norgay Trainor,Family Animation Adventure Comedy Fantasy,abominable,Jill Culton (director/screenplay); Todd Wilderman (co-director); Chloe Bennet Albert Tsai Tenzing Norgay Trainor Jill Culton Family Animation Adventure Comedy Fantasy
Steven Soderbergh,Steven Soderbergh (director); Scott Z. Burns (screenplay); Meryl Streep,Gary Oldman,Antonio Banderas,Crime Drama Comedy,the laundromat,Steven Soderbergh (director); Scott Z. Burns (screenplay); Meryl Streep Gary Oldman Antonio Banderas Steven Soderbergh Crime Drama Comedy
Rupert Goold,Rupert Goold (director); Tom Edge (screenplay); Renée Zellweger,Jessie Buckley,Finn Wittrock,Drama History Music,judy,Rupert Goold (director); Tom Edge (screenplay); Renée Zellweger Jessie Buckley Finn Wittrock Rupert Goold Drama History Music
Franck Khalfoun,Franck Khalfoun (director); David Coggeshall,Kristine Froseth,unknown,Thriller Action Science Fiction,prey,Franck Khalfoun (director); David Coggeshall Kristine Froseth unknown Franck Khalfoun Thriller Action Science Fiction
Brian A. Miller,Brian A. Miller (director); Kelvin Mao,Michael Chiklis,unknown,Crime Action Thriller Mystery,10 minutes gone,Brian A. Miller (director); Kelvin Mao Michael Chiklis unknown Brian A. Miller Crime Action Thriller Mystery
Todd Phillips,Todd Phillips (director/screenplay); Scott Silver (screenplay); Joaquin Phoenix,Robert De Niro,Zazie Beetz,Crime Thriller Drama,joker,Todd Phillips (director/screenplay); Scott Silver (screenplay); Joaquin Phoenix Robert De Niro Zazie Beetz Todd Phillips Crime Thriller Drama
Noah Hawley,Noah Hawley (director/screenplay); Brian C. Brown,Jon Hamm,Zazie Beetz,Drama Thriller Romance,lucy in the sky,Noah Hawley (director/screenplay); Brian C. Brown Jon Hamm Zazie Beetz Noah Hawley Drama Thriller Romance
Craig Brewer,Craig Brewer (director); Scott Alexander and Larry Karaszewski (screenplay); Eddie Murphy,Keegan-Michael Key,Mike Epps,Drama Comedy History,dolemite is my name,Craig Brewer (director); Scott Alexander and Larry Karaszewski (screenplay); Eddie Murphy Keegan-Michael Key Mike Epps Craig Brewer Drama Comedy History
Vincenzo Natali,Vincenzo Natali (director/screenplay); Patrick Wilson,Harrison Gilbertson,Rachel Wilson,Horror,in the tall grass,Vincenzo Natali (director/screenplay); Patrick Wilson Harrison Gilbertson Rachel Wilson Vincenzo Natali Horror
Kevin McMullin,Kevin McMullin (director/screenplay); Keean Johnson,Jaeden Martell,Alex Neustaedter,War,low tide,Kevin McMullin (director/screenplay); Keean Johnson Jaeden Martell Alex Neustaedter Kevin McMullin War
Michael Beach Nichols,Michael Beach Nichols (director); Michael Beach Nichols,Christopher K. Walker (screenplay),unknown,Documentary Horror Comedy,wrinkles the clown,Michael Beach Nichols (director); Michael Beach Nichols Christopher K. Walker (screenplay) unknown Michael Beach Nichols Documentary Horror Comedy
Abe Forsythe,Abe Forsythe (director/screenplay); Lupita Nyong'o,Alexander England,Josh Gad,Horror Comedy,little monsters,Abe Forsythe (director/screenplay); Lupita Nyong'o Alexander England Josh Gad Abe Forsythe Horror Comedy
Eric Notarnicola,Eric Notarnicola (director/screenplay); Tim Heidecker,Gregg Turkington,unknown,Comedy,mister america,Eric Notarnicola (director/screenplay); Tim Heidecker Gregg Turkington unknown Eric Notarnicola Comedy
Ang Lee,Ang Lee (director); David Benioff,Mary Elizabeth Winstead,Clive Owen,Science Fiction Action Adventure Thriller Drama,gemini man,Ang Lee (director); David Benioff Mary Elizabeth Winstead Clive Owen Ang Lee Science Fiction Action Adventure Thriller Drama
"Conrad Vernon, Greg Tiernan",Conrad Vernon,Charlize Theron,Chloë Grace Moretz,Comedy Fantasy,the addams family,"Conrad Vernon Charlize Theron Chloë Grace Moretz Conrad Vernon, Greg Tiernan Comedy Fantasy"
David Michôd,David Michôd (director/screenplay); Joel Edgerton (screenplay); Timothée Chalamet,Joel Edgerton,Sean Harris,Animation Family Drama,the king,David Michôd (director/screenplay); Joel Edgerton (screenplay); Timothée Chalamet Joel Edgerton Sean Harris David Michôd Animation Family Drama
"Jon Lucas, Scott Moore (directors/screenplay); Adam Devine, Rose Byrne, Alexandra Shipp, Ron Funches, Charlyne Yi, Wanda Sykes, Justin Hartley, Kid Cudi, Michael Peña",Jon Lucas,Scott Moore (directors/screenplay); Adam Devine,Alexandra Shipp,Comedy,jexi,"Jon Lucas Scott Moore (directors/screenplay); Adam Devine Alexandra Shipp Jon Lucas, Scott Moore (directors/screenplay); Adam Devine, Rose Byrne, Alexandra Shipp, Ron Funches, Charlyne Yi, Wanda Sykes, Justin Hartley, Kid Cudi, Michael Peña Comedy"
Lars Klevberg,Lars Klevberg (director); Blair Butler (screenplay); Kathryn Prescott,Grace Zabriskie,Samantha Logan,Horror Mystery Thriller,polaroid,Lars Klevberg (director); Blair Butler (screenplay); Kathryn Prescott Grace Zabriskie Samantha Logan Lars Klevberg Horror Mystery Thriller
Vince Gilligan,Vince Gilligan (director/screenplay); Aaron Paul,Jesse Plemons,Scott MacArthur,Crime Drama Thriller,el camino: a breaking bad movie,Vince Gilligan (director/screenplay); Aaron Paul Jesse Plemons Scott MacArthur Vince Gilligan Crime Drama Thriller
Joachim Rønning,Joachim Rønning (director); Linda Woolverton,Elle Fanning,Michelle Pfeiffer,Family Fantasy Adventure,maleficent: mistress of evil,Joachim Rønning (director); Linda Woolverton Elle Fanning Michelle Pfeiffer Joachim Rønning Family Fantasy Adventure
Ruben Fleischer,Ruben Fleischer (director); Rhett Reese,Jesse Eisenberg,Emma Stone,Horror Comedy,zombieland: double tap,Ruben Fleischer (director); Rhett Reese Jesse Eisenberg Emma Stone Ruben Fleischer Horror Comedy
Taika Waititi,Taika Waititi (director/screenplay); Roman Griffin Davis,Thomasin McKenzie,Scarlett Johansson,Comedy War Drama,jojo rabbit,Taika Waititi (director/screenplay); Roman Griffin Davis Thomasin McKenzie Scarlett Johansson Taika Waititi Comedy War Drama
Robert Eggers,Robert Eggers (director/screenplay); Max Eggers (screenplay); Willem Dafoe,Robert Pattinson,unknown,Drama Fantasy Thriller,the lighthouse,Robert Eggers (director/screenplay); Max Eggers (screenplay); Willem Dafoe Robert Pattinson unknown Robert Eggers Drama Fantasy Thriller
Babak Anvari,Babak Anvari (director/screenplay); Armie Hammer,Dakota Johnson,Zazie Beetz,Action Crime Thriller,wounds,Babak Anvari (director/screenplay); Armie Hammer Dakota Johnson Zazie Beetz Babak Anvari Action Crime Thriller
Deon Taylor,Deon Taylor (director); Peter A. Dowling (screenplay); Naomie Harris,Tyrese Gibson,Frank Grillo,Action Thriller Crime,black and blue,Deon Taylor (director); Peter A. Dowling (screenplay); Naomie Harris Tyrese Gibson Frank Grillo Deon Taylor Action Thriller Crime
Alfonso Gomez-Rejon,Alfonso Gomez-Rejon (director); Michael Mitnick (screenplay); Benedict Cumberbatch,Michael Shannon,Katherine Waterston,Drama History,the current war,Alfonso Gomez-Rejon (director); Michael Mitnick (screenplay); Benedict Cumberbatch Michael Shannon Katherine Waterston Alfonso Gomez-Rejon Drama History
Justin Dec,Justin Dec (director/screenplay); Elizabeth Lail,Peter Facinelli,Anne Winters,Horror Thriller,countdown,Justin Dec (director/screenplay); Elizabeth Lail Peter Facinelli Anne Winters Justin Dec Horror Thriller
Dan Krauss,Dan Krauss (director); Nat Wolff,Alexander Skarsgård,unknown,War Action Drama,the kill team,Dan Krauss (director); Nat Wolff Alexander Skarsgård unknown Dan Krauss War Action Drama
"Chris Lofing, Travis Cluff",Chris Lofing,Travis Cluff (director/screenplay); Chris Milligan,Brittany Falardeau,Horror,the gallows act ii,"Chris Lofing Travis Cluff (director/screenplay); Chris Milligan Brittany Falardeau Chris Lofing, Travis Cluff Horror"
Tim Miller,Tim Miller (director); David S. Goyer,Arnold Schwarzenegger,Mackenzie Davis,Science Fiction Action Adventure Thriller,terminator: dark fate,Tim Miller (director); David S. Goyer Arnold Schwarzenegger Mackenzie Davis Tim Miller Science Fiction Action Adventure Thriller
Edward Norton,Edward Norton (director/screenplay); Edward Norton,Bruce Willis,Gugu Mbatha-Raw,Drama Thriller,motherless brooklyn,Edward Norton (director/screenplay); Edward Norton Bruce Willis Gugu Mbatha-Raw Edward Norton Drama Thriller
Martin Scorsese,Martin Scorsese (director); Steven Zaillian (screenplay); Robert De Niro,Al Pacino,Joe Pesci,Crime Drama History,the irishman,Martin Scorsese (director); Steven Zaillian (screenplay); Robert De Niro Al Pacino Joe Pesci Martin Scorsese Crime Drama History
Kasi Lemmons,Kasi Lemmons (director/screenplay); Gregory Allen Howard (screenplay); Cynthia Erivo,Leslie Odom Jr.,Joe Alwyn,Drama History,harriet,Kasi Lemmons (director/screenplay); Gregory Allen Howard (screenplay); Cynthia Erivo Leslie Odom Jr. Joe Alwyn Kasi Lemmons Drama History
Aaron Woodley,Aaron Woodley (director/screenplay); Bob Barlen,James Franco,Heidi Klum,Animation Adventure Comedy,arctic dogs,Aaron Woodley (director/screenplay); Bob Barlen James Franco Heidi Klum Aaron Woodley Animation Adventure Comedy
Noah Baumbach,Noah Baumbach (director/screenplay); Scarlett Johansson,Adam Driver,Laura Dern,Drama,marriage story,Noah Baumbach (director/screenplay); Scarlett Johansson Adam Driver Laura Dern Noah Baumbach Drama
Mike Flanagan,Mike Flanagan (director/screenplay); Ewan McGregor,Rebecca Ferguson,Kyliegh Curran,Horror Fantasy,doctor sleep,Mike Flanagan (director/screenplay); Ewan McGregor Rebecca Ferguson Kyliegh Curran Mike Flanagan Horror Fantasy
Paul Feig,Paul Feig (director),Henry Golding,Michelle Yeoh,Comedy Drama Romance,last christmas,Paul Feig (director) Henry Golding Michelle Yeoh Paul Feig Comedy Drama Romance
Andy Fickman,Andy Fickman (director); Dan Ewen,Keegan-Michael Key,John Leguizamo,Family Comedy,playing with fire,Andy Fickman (director); Dan Ewen Keegan-Michael Key John Leguizamo Andy Fickman Family Comedy
Luke Snellin,Luke Snellin (director); Laura Solon,Shameik Moore,Kiernan Shipka,Romance Comedy,let it snow,Luke Snellin (director); Laura Solon Shameik Moore Kiernan Shipka Luke Snellin Romance Comedy
Roland Emmerich,Roland Emmerich (director); Wes Tooke (screenplay); Ed Skrein,Patrick Wilson,Luke Evans,Action War History,midway,Roland Emmerich (director); Wes Tooke (screenplay); Ed Skrein Patrick Wilson Luke Evans Roland Emmerich Action War History
Sergio Pablos,Sergio Pablos (director); Zach Lewis,Jason Schwartzman,Rashida Jones,Animation Family Comedy,klaus,Sergio Pablos (director); Zach Lewis Jason Schwartzman Rashida Jones Sergio Pablos Animation Family Comedy
Alma Har'el,Alma Har'el (director); Shia LaBeouf (screenplay); Shia LaBeouf,Lucas Hedges,Noah Jupe,Drama,honey boy,Alma Har'el (director); Shia LaBeouf (screenplay); Shia LaBeouf Lucas Hedges Noah Jupe Alma Har'el Drama
Charlie Bean,Charlie Bean (director); Andrew Bujalski,Justin Theroux,Kiersey Clemons,Animation Family Romance Adventure Comedy,lady and the tramp,Charlie Bean (director); Andrew Bujalski Justin Theroux Kiersey Clemons Charlie Bean Animation Family Romance Adventure Comedy
Marc Lawrence,Marc Lawrence (director/screenplay); Anna Kendrick,Bill Hader,Kingsley Ben-Adir,Family Comedy Fantasy,noelle,Marc Lawrence (director/screenplay); Anna Kendrick Bill Hader Kingsley Ben-Adir Marc Lawrence Family Comedy Fantasy
James Mangold,James Mangold (director); Jez Butterworth,Christian Bale,Jon Bernthal,Drama Action History,ford v ferrari,James Mangold (director); Jez Butterworth Christian Bale Jon Bernthal James Mangold Drama Action History
Elizabeth Banks,Elizabeth Banks (director/screenplay); Kristen Stewart,Naomi Scott,Ella Balinska,Action Comedy Adventure,charlie's angels,Elizabeth Banks (director/screenplay); Kristen Stewart Naomi Scott Ella Balinska Elizabeth Banks Action Comedy Adventure
Bill Condon,Bill Condon (director); Jeffrey Hatcher (screenplay); Ian McKellen,Helen Mirren,Russell Tovey,Crime,the good liar,Bill Condon (director); Jeffrey Hatcher (screenplay); Ian McKellen Helen Mirren Russell Tovey Bill Condon Crime
Scott Z. Burns,Scott Z. Burns (director/screenplay); Adam Driver,Annette Bening,Ted Levine,Drama,the report,Scott Z. Burns (director/screenplay); Adam Driver Annette Bening Ted Levine Scott Z. Burns Drama
Trey Edward Shults,Trey Edward Shults (director/screenplay); Kelvin Harrison Jr.,Lucas Hedges,Taylor Russell,Romance Drama,waves,Trey Edward Shults (director/screenplay); Kelvin Harrison Jr. Lucas Hedges Taylor Russell Trey Edward Shults Romance Drama
"Chris Buck, Jennifer Lee",Chris Buck,Kristen Bell,Jonathan Groff,Animation Music Family,frozen 2,"Chris Buck Kristen Bell Jonathan Groff Chris Buck, Jennifer Lee Animation Music Family"
Marielle Heller,Marielle Heller (director); Micah Fitzerman-Blue,Matthew Rhys,Susan Kelechi Watson,History Family Drama,a beautiful day in the neighborhood,Marielle Heller (director); Micah Fitzerman-Blue Matthew Rhys Susan Kelechi Watson Marielle Heller History Family Drama
Brian Kirk,Brian Kirk (director); Matthew Michael Carnahan,Sienna Miller,Stephan James,Crime Action Drama,21 bridges,Brian Kirk (director); Matthew Michael Carnahan Sienna Miller Stephan James Brian Kirk Crime Action Drama
Todd Haynes,Todd Haynes (director); Mario Correa,Anne Hathaway,Tim Robbins,Drama Thriller,dark waters,Todd Haynes (director); Mario Correa Anne Hathaway Tim Robbins Todd Haynes Drama Thriller
Rian Johnson,Rian Johnson (director/screenplay); Daniel Craig,Chris Evans,Ana de Armas,Comedy Crime Mystery,knives out,Rian Johnson (director/screenplay); Daniel Craig Chris Evans Ana de Armas Rian Johnson Comedy Crime Mystery
Melina Matsoukas,Melina Matsoukas (director); Lena Waithe (screenplay); Daniel Kaluuya,Jodie Turner-Smith,Bokeem Woodbine,Crime Drama Romance,queen & slim,Melina Matsoukas (director); Lena Waithe (screenplay); Daniel Kaluuya Jodie Turner-Smith Bokeem Woodbine Melina Matsoukas Crime Drama Romance
Fernando Meirelles,Fernando Meirelles (director); Anthony McCarten (screenplay); Anthony Hopkins,Jonathan Pryce,unknown,Drama History,the two popes,Fernando Meirelles (director); Anthony McCarten (screenplay); Anthony Hopkins Jonathan Pryce unknown Fernando Meirelles Drama History
Lino DiSalvo,Lino DiSalvo (director),Daniel Radcliffe,Gabriel Bateman,Family Animation Comedy Adventure Fantasy,playmobil: the movie,Lino DiSalvo (director) Daniel Radcliffe Gabriel Bateman Lino DiSalvo Family Animation Comedy Adventure Fantasy
Tom Harper,Tom Harper (director); Jack Thorne (screenplay); Felicity Jones,Eddie Redmayne,Himesh Patel,Adventure Drama Romance,the aeronauts,Tom Harper (director); Jack Thorne (screenplay); Felicity Jones Eddie Redmayne Himesh Patel Tom Harper Adventure Drama Romance
Sam Taylor-Johnson,Sam Taylor-Johnson (director/screenplay); Aaron Taylor-Johnson (screenplay); Aaron Taylor-Johnson,Billy Bob Thornton,Odessa Young,Drama,a million little pieces,Sam Taylor-Johnson (director/screenplay); Aaron Taylor-Johnson (screenplay); Aaron Taylor-Johnson Billy Bob Thornton Odessa Young Sam Taylor-Johnson Drama
Adam Egypt Mortimer,Adam Egypt Mortimer (director/screenplay); Brian DeLeeuw (screenplay); Miles Robbins,Patrick Schwarzenegger,Sasha Lane,Horror Mystery,daniel isn't real,Adam Egypt Mortimer (director/screenplay); Brian DeLeeuw (screenplay); Miles Robbins Patrick Schwarzenegger Sasha Lane Adam Egypt Mortimer Horror Mystery
Matt Eskandari,Matt Eskandari (director); Paul Da Silva (screenplay); Bruce Willis,Nicky Whelan,unknown,Action Thriller,trauma center,Matt Eskandari (director); Paul Da Silva (screenplay); Bruce Willis Nicky Whelan unknown Matt Eskandari Action Thriller
Jake Kasdan,Jake Kasdan (director/screenplay); Scott Rosenberg,Jack Black,Kevin Hart,Adventure Comedy Fantasy,jumanji: the next level,Jake Kasdan (director/screenplay); Scott Rosenberg Jack Black Kevin Hart Jake Kasdan Adventure Comedy Fantasy
Clint Eastwood,Clint Eastwood (director); Billy Ray (screenplay); Paul Walter Hauser,Sam Rockwell,Kathy Bates,Drama History,richard jewell,Clint Eastwood (director); Billy Ray (screenplay); Paul Walter Hauser Sam Rockwell Kathy Bates Clint Eastwood Drama History
Sophia Takal,Sophia Takal (director/screenplay); April Wolfe (screenplay); Imogen Poots,Lily Donoghue,Aleyse Shannon,Horror Mystery,black christmas,Sophia Takal (director/screenplay); April Wolfe (screenplay); Imogen Poots Lily Donoghue Aleyse Shannon Sophia Takal Horror Mystery
Michael Bay,Michael Bay (director); Rhett Reese,Mélanie Laurent,Manuel Garcia-Rulfo,Action Comedy Thriller,6 underground,Michael Bay (director); Rhett Reese Mélanie Laurent Manuel Garcia-Rulfo Michael Bay Action Comedy Thriller
Jay Roach,Jay Roach (director); Charles Randolph (screenplay); Charlize Theron,Nicole Kidman,Margot Robbie,Drama,bombshell,Jay Roach (director); Charles Randolph (screenplay); Charlize Theron Nicole Kidman Margot Robbie Jay Roach Drama
"Safdie brothers (directors/screenplay); Ronald Bronstein (screenplay); Adam Sandler, Lakeith Stanfield, Julia Fox, Kevin Garnett, Idina Menzel, Eric Bogosian",Safdie brothers (directors/screenplay); Ronald Bronstein (screenplay); Adam Sandler,Lakeith Stanfield,Julia Fox,Drama Thriller Crime,uncut gems,"Safdie brothers (directors/screenplay); Ronald Bronstein (screenplay); Adam Sandler Lakeith Stanfield Julia Fox Safdie brothers (directors/screenplay); Ronald Bronstein (screenplay); Adam Sandler, Lakeith Stanfield, Julia Fox, Kevin Garnett, Idina Menzel, Eric Bogosian Drama Thriller Crime"
Benedict Andrews,Benedict Andrews (director); Joe Shrapnel,Jack O'Connell,Margaret Qualley,Thriller Drama,seberg,Benedict Andrews (director); Joe Shrapnel Jack O'Connell Margaret Qualley Benedict Andrews Thriller Drama
Terrence Malick,Terrence Malick (director/screenplay); August Diehl,Valerie Pachner,Matthias Schoenaerts,History Drama War,a hidden life,Terrence Malick (director/screenplay); August Diehl Valerie Pachner Matthias Schoenaerts Terrence Malick History Drama War
J. J. Abrams,J. J. Abrams (director/screenplay),Mark Hamill,Adam Driver,Adventure Action Science Fiction,star wars: the rise of skywalker,J. J. Abrams (director/screenplay) Mark Hamill Adam Driver J. J. Abrams Adventure Action Science Fiction
Tom Hooper,Tom Hooper (director/screenplay); Lee Hall (screenplay); James Corden,Judi Dench,Jason Derulo,Fantasy Comedy Drama,cats,Tom Hooper (director/screenplay); Lee Hall (screenplay); James Corden Judi Dench Jason Derulo Tom Hooper Fantasy Comedy Drama
Giles Alderson,Giles Alderson (director); Bart Edwards,Richard Brake,Richard Short,Horror Mystery Thriller,the dare,Giles Alderson (director); Bart Edwards Richard Brake Richard Short Giles Alderson Horror Mystery Thriller
Ericson Core,Ericson Core (director); Tom Flynn (screenplay); Willem Dafoe,Julianne Nicholson,Christopher Heyerdahl,Adventure Family,togo,Ericson Core (director); Tom Flynn (screenplay); Willem Dafoe Julianne Nicholson Christopher Heyerdahl Ericson Core Adventure Family
"Nick Bruno, Troy Quane",Nick Bruno,Tom Holland,Rashida Jones,Animation Action Adventure Comedy Family,spies in disguise,"Nick Bruno Tom Holland Rashida Jones Nick Bruno, Troy Quane Animation Action Adventure Comedy Family"
Greta Gerwig,Greta Gerwig (director/screenplay); Saoirse Ronan,Emma Watson,Florence Pugh,Drama Romance,little women,Greta Gerwig (director/screenplay); Saoirse Ronan Emma Watson Florence Pugh Greta Gerwig Drama Romance
Sam Mendes,Sam Mendes (director/screenplay); Krysty Wilson-Cairns (screenplay); George MacKay,Dean-Charles Chapman,Mark Strong,War History Drama,1917,Sam Mendes (director/screenplay); Krysty Wilson-Cairns (screenplay); George MacKay Dean-Charles Chapman Mark Strong Sam Mendes War History Drama
Destin Daniel Cretton,Destin Daniel Cretton (director/screenplay),Jamie Foxx,Brie Larson,Drama Crime History,just mercy,Destin Daniel Cretton (director/screenplay) Jamie Foxx Brie Larson Destin Daniel Cretton Drama Crime History
Chinonye Chukwu,Chinonye Chukwu (director/screenplay); Alfre Woodard,Wendell Pierce,Aldis Hodge,Drama,clemency,Chinonye Chukwu (director/screenplay); Alfre Woodard Wendell Pierce Aldis Hodge Chinonye Chukwu Drama
